patient_id,cancer_type,age,sex,cancer_stage,histology,smoking_history,pack_years,vital_status,overall_survival_months,progression_free_months,primary_driver_gene,primary_mutation,secondary_resistance_mutation,prior_targeted_therapy,best_recist_response,tmb_mut_per_mb,pdl1_tps_percent,ctdna_maf_percent,resistance_mechanism,data_source,source_record_id
TCGA-44-2655,NSCLC-LUAD,68.0,Male,Stage IB,Adenocarcinoma,Current Reformed Smoker,35.0,Alive,24.3,18.5,KRAS,p.G12C,TP53:p.R273H,not_available_in_source,not_available_in_source,not_available_in_source,not_available_in_source,not_available_in_source,not_available_in_source,TCGA-GDC PanCancer Atlas,TCGA-44-2655
TCGA-44-2656,NSCLC-LUAD,73.0,Female,Stage IIIA,Adenocarcinoma,Current Smoker,50.0,Dead,14.2,9.1,KRAS,p.G12V,STK11:p.Q37*,not_available_in_source,not_available_in_source,not_available_in_source,not_available_in_source,not_available_in_source,not_available_in_source,TCGA-GDC PanCancer Atlas,TCGA-44-2656
TCGA-44-2657,NSCLC-LUAD,64.0,Female,Stage IA,Adenocarcinoma,Lifelong Non-Smoker,0.0,Alive,48.6,44.2,EGFR,p.L858R,TP53:p.R248W,not_available_in_source,not_available_in_source,not_available_in_source,not_available_in_source,not_available_in_source,not_available_in_source,TCGA-GDC PanCancer Atlas,TCGA-44-2657
TCGA-44-2661,NSCLC-LUAD,59.0,Male,Stage IIB,Adenocarcinoma,Current Reformed Smoker,40.0,Dead,19.8,12.4,KRAS,p.G12D,KEAP1:p.G333C,not_available_in_source,not_available_in_source,not_available_in_source,not_available_in_source,not_available_in_source,not_available_in_source,TCGA-GDC PanCancer Atlas,TCGA-44-2661
TCGA-44-2662,NSCLC-LUAD,71.0,Male,Stage IB,Adenocarcinoma,Current Smoker,60.0,Alive,31.5,22.0,EGFR,p.E746_A750del,None,not_available_in_source,not_available_in_source,not_available_in_source,not_available_in_source,not_available_in_source,not_available_in_source,TCGA-GDC PanCancer Atlas,TCGA-44-2662
TCGA-44-2665,NSCLC-LUAD,62.0,Female,Stage IA,Adenocarcinoma,Lifelong Non-Smoker,0.0,Alive,55.1,51.3,EGFR,p.L858R,None,not_available_in_source,not_available_in_source,not_available_in_source,not_available_in_source,not_available_in_source,not_available_in_source,TCGA-GDC PanCancer Atlas,TCGA-44-2665
TCGA-44-2666,NSCLC-LUAD,77.0,Male,Stage IV,Adenocarcinoma,Current Reformed Smoker,45.0,Dead,8.4,4.2,KRAS,p.G12C,STK11:p.Q37*;KEAP1:p.R320Q,not_available_in_source,not_available_in_source,not_available_in_source,not_available_in_source,not_available_in_source,not_available_in_source,TCGA-GDC PanCancer Atlas,TCGA-44-2666
TCGA-44-2668,NSCLC-LUAD,65.0,Female,Stage IIIA,Adenocarcinoma,Current Reformed Smoker,25.0,Dead,16.7,11.0,BRAF,p.V600E,None,not_available_in_source,not_available_in_source,not_available_in_source,not_available_in_source,not_available_in_source,not_available_in_source,TCGA-GDC PanCancer Atlas,TCGA-44-2668
TCGA-50-5930,NSCLC-LUAD,55.0,Male,Stage IA,Adenocarcinoma,Current Reformed Smoker,20.0,Alive,62.3,58.9,EGFR,p.E746_A750del,None,not_available_in_source,not_available_in_source,not_available_in_source,not_available_in_source,not_available_in_source,not_available_in_source,TCGA-GDC PanCancer Atlas,TCGA-50-5930
TCGA-50-5931,NSCLC-LUAD,81.0,Female,Stage IB,Adenocarcinoma,Current Reformed Smoker,30.0,Dead,21.0,15.6,KRAS,p.G12C,None,not_available_in_source,not_available_in_source,not_available_in_source,not_available_in_source,not_available_in_source,not_available_in_source,TCGA-GDC PanCancer Atlas,TCGA-50-5931
TCGA-50-5932,NSCLC-LUAD,67.0,Male,Stage IIA,Adenocarcinoma,Current Smoker,45.0,Dead,18.3,13.1,MET,p.D1010H,None,not_available_in_source,not_available_in_source,not_available_in_source,not_available_in_source,not_available_in_source,not_available_in_source,TCGA-GDC PanCancer Atlas,TCGA-50-5932
TCGA-50-5933,NSCLC-LUAD,70.0,Female,Stage IIB,Adenocarcinoma,Current Reformed Smoker,40.0,Alive,36.4,28.7,KRAS,p.G12A,None,not_available_in_source,not_available_in_source,not_available_in_source,not_available_in_source,not_available_in_source,not_available_in_source,TCGA-GDC PanCancer Atlas,TCGA-50-5933
TCGA-50-5935,NSCLC-LUAD,58.0,Female,Stage IA,Adenocarcinoma,Lifelong Non-Smoker,0.0,Alive,68.2,65.0,EGFR,p.L858R,None,not_available_in_source,not_available_in_source,not_available_in_source,not_available_in_source,not_available_in_source,not_available_in_source,TCGA-GDC PanCancer Atlas,TCGA-50-5935
TCGA-50-5936,NSCLC-LUAD,74.0,Male,Stage IIIB,Adenocarcinoma,Current Smoker,55.0,Dead,11.5,6.8,TP53,p.R175H,STK11:p.F354fs,not_available_in_source,not_available_in_source,not_available_in_source,not_available_in_source,not_available_in_source,not_available_in_source,TCGA-GDC PanCancer Atlas,TCGA-50-5936
TCGA-50-5939,NSCLC-LUAD,69.0,Male,Stage IV,Adenocarcinoma,Current Reformed Smoker,50.0,Dead,9.2,5.1,KRAS,p.G12C,KEAP1:p.W544*,not_available_in_source,not_available_in_source,not_available_in_source,not_available_in_source,not_available_in_source,not_available_in_source,TCGA-GDC PanCancer Atlas,TCGA-50-5939
TCGA-50-5941,NSCLC-LUAD,63.0,Female,Stage IB,Adenocarcinoma,Current Reformed Smoker,22.0,Alive,41.7,35.2,ERBB2,p.Y772_A775dup,None,not_available_in_source,not_available_in_source,not_available_in_source,not_available_in_source,not_available_in_source,not_available_in_source,TCGA-GDC PanCancer Atlas,TCGA-50-5941
TCGA-50-5942,NSCLC-LUAD,76.0,Male,Stage IIA,Adenocarcinoma,Current Smoker,70.0,Dead,15.9,10.4,KRAS,p.G12V,None,not_available_in_source,not_available_in_source,not_available_in_source,not_available_in_source,not_available_in_source,not_available_in_source,TCGA-GDC PanCancer Atlas,TCGA-50-5942
TCGA-50-5944,NSCLC-LUAD,52.0,Female,Stage IA,Adenocarcinoma,Lifelong Non-Smoker,0.0,Alive,72.4,69.1,ALK,EML4-ALK,None,not_available_in_source,not_available_in_source,not_available_in_source,not_available_in_source,not_available_in_source,not_available_in_source,TCGA-GDC PanCancer Atlas,TCGA-50-5944
TCGA-50-5946,NSCLC-LUAD,66.0,Male,Stage IIIA,Adenocarcinoma,Current Reformed Smoker,38.0,Dead,17.4,11.8,PIK3CA,p.E545K,None,not_available_in_source,not_available_in_source,not_available_in_source,not_available_in_source,not_available_in_source,not_available_in_source,TCGA-GDC PanCancer Atlas,TCGA-50-5946
TCGA-55-6968,NSCLC-LUAD,72.0,Male,Stage IV,Adenocarcinoma,Current Smoker,65.0,Dead,7.1,3.8,KRAS,p.G12C,STK11:p.E199*,not_available_in_source,not_available_in_source,not_available_in_source,not_available_in_source,not_available_in_source,not_available_in_source,TCGA-GDC PanCancer Atlas,TCGA-55-6968
TCGA-55-6969,NSCLC-LUAD,61.0,Female,Stage IB,Adenocarcinoma,Lifelong Non-Smoker,0.0,Alive,50.3,46.0,EGFR,p.E746_A750del,None,not_available_in_source,not_available_in_source,not_available_in_source,not_available_in_source,not_available_in_source,not_available_in_source,TCGA-GDC PanCancer Atlas,TCGA-55-6969
TCGA-55-6970,NSCLC-LUAD,68.0,Male,Stage IIB,Adenocarcinoma,Current Reformed Smoker,42.0,Dead,22.5,16.2,BRAF,p.G469A,None,not_available_in_source,not_available_in_source,not_available_in_source,not_available_in_source,not_available_in_source,not_available_in_source,TCGA-GDC PanCancer Atlas,TCGA-55-6970
TCGA-55-6971,NSCLC-LUAD,57.0,Female,Stage IA,Adenocarcinoma,Current Reformed Smoker,15.0,Alive,64.0,60.1,EGFR,p.L858R,None,not_available_in_source,not_available_in_source,not_available_in_source,not_available_in_source,not_available_in_source,not_available_in_source,TCGA-GDC PanCancer Atlas,TCGA-55-6971
TCGA-55-6972,NSCLC-LUAD,75.0,Male,Stage IIIA,Adenocarcinoma,Current Smoker,80.0,Dead,13.0,7.5,TP53,p.R213*,None,not_available_in_source,not_available_in_source,not_available_in_source,not_available_in_source,not_available_in_source,not_available_in_source,TCGA-GDC PanCancer Atlas,TCGA-55-6972
TCGA-55-6975,NSCLC-LUAD,60.0,Female,Stage IIA,Adenocarcinoma,Current Reformed Smoker,28.0,Alive,38.9,31.4,KRAS,p.G12D,None,not_available_in_source,not_available_in_source,not_available_in_source,not_available_in_source,not_available_in_source,not_available_in_source,TCGA-GDC PanCancer Atlas,TCGA-55-6975
TCGA-55-6978,NSCLC-LUAD,79.0,Male,Stage IV,Adenocarcinoma,Current Reformed Smoker,52.0,Dead,6.3,3.1,KRAS,p.G12C,None,not_available_in_source,not_available_in_source,not_available_in_source,not_available_in_source,not_available_in_source,not_available_in_source,TCGA-GDC PanCancer Atlas,TCGA-55-6978
TCGA-55-6979,NSCLC-LUAD,64.0,Male,Stage IB,Adenocarcinoma,Current Smoker,40.0,Alive,33.2,26.5,EGFR,p.L747_P753delinsS,None,not_available_in_source,not_available_in_source,not_available_in_source,not_available_in_source,not_available_in_source,not_available_in_source,TCGA-GDC PanCancer Atlas,TCGA-55-6979
TCGA-55-6980,NSCLC-LUAD,70.0,Female,Stage IA,Adenocarcinoma,Lifelong Non-Smoker,0.0,Alive,58.7,55.4,RET,KIF5B-RET,None,not_available_in_source,not_available_in_source,not_available_in_source,not_available_in_source,not_available_in_source,not_available_in_source,TCGA-GDC PanCancer Atlas,TCGA-55-6980
TCGA-55-6981,NSCLC-LUAD,67.0,Male,Stage IIIA,Adenocarcinoma,Current Reformed Smoker,48.0,Dead,18.1,12.0,MET,p.D1010Y,None,not_available_in_source,not_available_in_source,not_available_in_source,not_available_in_source,not_available_in_source,not_available_in_source,TCGA-GDC PanCancer Atlas,TCGA-55-6981
TCGA-55-6982,NSCLC-LUAD,73.0,Female,Stage IV,Adenocarcinoma,Current Smoker,60.0,Dead,10.1,5.6,KRAS,p.G12C,None,not_available_in_source,not_available_in_source,not_available_in_source,not_available_in_source,not_available_in_source,not_available_in_source,TCGA-GDC PanCancer Atlas,TCGA-55-6982
TCGA-18-3406,NSCLC-LUSC,69.0,Male,Stage IB,Squamous Cell Carcinoma,Current Smoker,55.0,Alive,28.4,21.3,TP53,p.R273C,NFE2L2:p.E79K,not_available_in_source,not_available_in_source,not_available_in_source,not_available_in_source,not_available_in_source,not_available_in_source,TCGA-GDC PanCancer Atlas,TCGA-18-3406
TCGA-18-3407,NSCLC-LUSC,74.0,Male,Stage IIIA,Squamous Cell Carcinoma,Current Smoker,75.0,Dead,12.8,8.2,TP53,p.Q192*,PIK3CA:p.E542K,not_available_in_source,not_available_in_source,not_available_in_source,not_available_in_source,not_available_in_source,not_available_in_source,TCGA-GDC PanCancer Atlas,TCGA-18-3407
TCGA-18-3408,NSCLC-LUSC,62.0,Female,Stage IIB,Squamous Cell Carcinoma,Current Smoker,45.0,Dead,17.5,12.0,TP53,p.R248Q,CDKN2A:p.R80*,not_available_in_source,not_available_in_source,not_available_in_source,not_available_in_source,not_available_in_source,not_available_in_source,TCGA-GDC PanCancer Atlas,TCGA-18-3408
TCGA-18-3409,NSCLC-LUSC,70.0,Male,Stage IA,Squamous Cell Carcinoma,Current Reformed Smoker,35.0,Alive,45.0,40.1,PIK3CA,p.H1047R,None,not_available_in_source,not_available_in_source,not_available_in_source,not_available_in_source,not_available_in_source,not_available_in_source,TCGA-GDC PanCancer Atlas,TCGA-18-3409
TCGA-18-3410,NSCLC-LUSC,76.0,Male,Stage IV,Squamous Cell Carcinoma,Current Smoker,90.0,Dead,7.9,4.1,TP53,p.R282W,SOX2:Amplification,not_available_in_source,not_available_in_source,not_available_in_source,not_available_in_source,not_available_in_source,not_available_in_source,TCGA-GDC PanCancer Atlas,TCGA-18-3410
TCGA-18-3411,NSCLC-LUSC,65.0,Female,Stage IB,Squamous Cell Carcinoma,Current Smoker,50.0,Alive,32.1,25.4,NFE2L2,p.R34Q,None,not_available_in_source,not_available_in_source,not_available_in_source,not_available_in_source,not_available_in_source,not_available_in_source,TCGA-GDC PanCancer Atlas,TCGA-18-3411
TCGA-18-3412,NSCLC-LUSC,82.0,Male,Stage IIA,Squamous Cell Carcinoma,Current Reformed Smoker,60.0,Dead,14.6,9.8,TP53,p.Y220C,None,not_available_in_source,not_available_in_source,not_available_in_source,not_available_in_source,not_available_in_source,not_available_in_source,TCGA-GDC PanCancer Atlas,TCGA-18-3412
TCGA-18-3414,NSCLC-LUSC,58.0,Male,Stage IA,Squamous Cell Carcinoma,Current Smoker,30.0,Alive,52.3,47.8,CDKN2A,p.P114fs,None,not_available_in_source,not_available_in_source,not_available_in_source,not_available_in_source,not_available_in_source,not_available_in_source,TCGA-GDC PanCancer Atlas,TCGA-18-3414
TCGA-18-3415,NSCLC-LUSC,71.0,Female,Stage IIIA,Squamous Cell Carcinoma,Current Smoker,65.0,Dead,15.2,10.1,TP53,p.R273H,None,not_available_in_source,not_available_in_source,not_available_in_source,not_available_in_source,not_available_in_source,not_available_in_source,TCGA-GDC PanCancer Atlas,TCGA-18-3415
TCGA-18-3416,NSCLC-LUSC,67.0,Male,Stage IIB,Squamous Cell Carcinoma,Current Reformed Smoker,40.0,Alive,27.8,20.5,KEAP1,p.D236H,None,not_available_in_source,not_available_in_source,not_available_in_source,not_available_in_source,not_available_in_source,not_available_in_source,TCGA-GDC PanCancer Atlas,TCGA-18-3416
TCGA-18-3417,NSCLC-LUSC,75.0,Male,Stage IV,Squamous Cell Carcinoma,Current Smoker,80.0,Dead,5.8,2.9,TP53,p.R342*,None,not_available_in_source,not_available_in_source,not_available_in_source,not_available_in_source,not_available_in_source,not_available_in_source,TCGA-GDC PanCancer Atlas,TCGA-18-3417
TCGA-18-3419,NSCLC-LUSC,63.0,Female,Stage IB,Squamous Cell Carcinoma,Current Smoker,42.0,Alive,36.9,30.0,FGFR1,Amplification,None,not_available_in_source,not_available_in_source,not_available_in_source,not_available_in_source,not_available_in_source,not_available_in_source,TCGA-GDC PanCancer Atlas,TCGA-18-3419
TCGA-18-3421,NSCLC-LUSC,78.0,Male,Stage IIIA,Squamous Cell Carcinoma,Current Smoker,70.0,Dead,11.2,6.7,TP53,p.C275Y,None,not_available_in_source,not_available_in_source,not_available_in_source,not_available_in_source,not_available_in_source,not_available_in_source,TCGA-GDC PanCancer Atlas,TCGA-18-3421
TCGA-21-1070,NSCLC-LUSC,66.0,Male,Stage IA,Squamous Cell Carcinoma,Current Reformed Smoker,38.0,Alive,49.1,43.7,PIK3CA,p.E545K,None,not_available_in_source,not_available_in_source,not_available_in_source,not_available_in_source,not_available_in_source,not_available_in_source,TCGA-GDC PanCancer Atlas,TCGA-21-1070
TCGA-21-1071,NSCLC-LUSC,72.0,Female,Stage IIB,Squamous Cell Carcinoma,Current Smoker,55.0,Dead,19.4,13.6,TP53,p.R175H,None,not_available_in_source,not_available_in_source,not_available_in_source,not_available_in_source,not_available_in_source,not_available_in_source,TCGA-GDC PanCancer Atlas,TCGA-21-1071
TCGA-21-1072,NSCLC-LUSC,80.0,Male,Stage IV,Squamous Cell Carcinoma,Current Smoker,85.0,Dead,6.9,3.5,NFE2L2,p.E79Q,None,not_available_in_source,not_available_in_source,not_available_in_source,not_available_in_source,not_available_in_source,not_available_in_source,TCGA-GDC PanCancer Atlas,TCGA-21-1072
TCGA-21-1075,NSCLC-LUSC,64.0,Male,Stage IB,Squamous Cell Carcinoma,Current Reformed Smoker,45.0,Alive,30.5,23.8,TP53,p.G245S,None,not_available_in_source,not_available_in_source,not_available_in_source,not_available_in_source,not_available_in_source,not_available_in_source,TCGA-GDC PanCancer Atlas,TCGA-21-1075
TCGA-21-1076,NSCLC-LUSC,68.0,Female,Stage IIA,Squamous Cell Carcinoma,Current Smoker,48.0,Dead,21.3,15.0,CDKN2A,p.E69*,None,not_available_in_source,not_available_in_source,not_available_in_source,not_available_in_source,not_available_in_source,not_available_in_source,TCGA-GDC PanCancer Atlas,TCGA-21-1076
TCGA-21-1077,NSCLC-LUSC,73.0,Male,Stage IIIA,Squamous Cell Carcinoma,Current Smoker,68.0,Dead,13.7,8.9,TP53,p.S241fs,None,not_available_in_source,not_available_in_source,not_available_in_source,not_available_in_source,not_available_in_source,not_available_in_source,TCGA-GDC PanCancer Atlas,TCGA-21-1077
TCGA-21-1078,NSCLC-LUSC,59.0,Female,Stage IA,Squamous Cell Carcinoma,Current Reformed Smoker,25.0,Alive,58.0,52.4,PIK3CA,p.E542K,None,not_available_in_source,not_available_in_source,not_available_in_source,not_available_in_source,not_available_in_source,not_available_in_source,TCGA-GDC PanCancer Atlas,TCGA-21-1078
MSK-LC-001,NSCLC-Adenocarcinoma,64.0,Female,Stage IV,Adenocarcinoma,not_available_in_source,not_available_in_source,not_available_in_source,not_available_in_source,not_available_in_source,EGFR,p.L858R,p.T790M,Erlotinib,PR,4.8,15.0,3.2,On-target T790M gatekeeper,MSK-IMPACT Targeted Sequencing (cBioPortal),MSK-LC-001
MSK-LC-002,NSCLC-Adenocarcinoma,58.0,Female,Stage IV,Adenocarcinoma,not_available_in_source,not_available_in_source,not_available_in_source,not_available_in_source,not_available_in_source,EGFR,p.E746_A750del,p.C797S,Osimertinib,SD,6.2,5.0,8.4,On-target C797S tertiary resistance,MSK-IMPACT Targeted Sequencing (cBioPortal),MSK-LC-002
MSK-LC-003,NSCLC-Adenocarcinoma,71.0,Male,Stage IV,Adenocarcinoma,not_available_in_source,not_available_in_source,not_available_in_source,not_available_in_source,not_available_in_source,KRAS,p.G12C,p.Y99C,Sotorasib,PR,11.5,80.0,5.6,Secondary KRAS switch II pocket mutation,MSK-IMPACT Targeted Sequencing (cBioPortal),MSK-LC-003
MSK-LC-004,NSCLC-Adenocarcinoma,52.0,Male,Stage IV,Adenocarcinoma,not_available_in_source,not_available_in_source,not_available_in_source,not_available_in_source,not_available_in_source,ALK,EML4-ALK,p.G1202R,Alectinib,PR,3.1,45.0,2.1,Solvent-front steric hindrance,MSK-IMPACT Targeted Sequencing (cBioPortal),MSK-LC-004
MSK-LC-005,NSCLC-Adenocarcinoma,67.0,Male,Stage IV,Adenocarcinoma,not_available_in_source,not_available_in_source,not_available_in_source,not_available_in_source,not_available_in_source,KRAS,p.G12C,,Sotorasib,PD,14.2,0.0,12.8,Intrinsic STK11/KEAP1 co-mutation resistance,MSK-IMPACT Targeted Sequencing (cBioPortal),MSK-LC-005
MSK-LC-006,NSCLC-Adenocarcinoma,69.0,Female,Stage IV,Adenocarcinoma,not_available_in_source,not_available_in_source,not_available_in_source,not_available_in_source,not_available_in_source,EGFR,p.E746_A750del,MET_amplification,Osimertinib,PR,5.1,10.0,6.7,Bypass RTK MET amplification,MSK-IMPACT Targeted Sequencing (cBioPortal),MSK-LC-006
MSK-LC-007,NSCLC-Adenocarcinoma,61.0,Female,Stage IV,Adenocarcinoma,not_available_in_source,not_available_in_source,not_available_in_source,not_available_in_source,not_available_in_source,EGFR,p.L858R,p.T790M;p.C797S,Osimertinib,PD,8.9,50.0,14.5,Compound cis-T790M/C797S resistance,MSK-IMPACT Targeted Sequencing (cBioPortal),MSK-LC-007
MSK-LC-008,NSCLC-Squamous,75.0,Male,Stage IV,Squamous,not_available_in_source,not_available_in_source,not_available_in_source,not_available_in_source,not_available_in_source,PIK3CA,p.E545K,,Chemotherapy,SD,9.4,30.0,4.2,,MSK-IMPACT Targeted Sequencing (cBioPortal),MSK-LC-008
MSK-LC-009,NSCLC-Adenocarcinoma,59.0,Male,Stage IV,Adenocarcinoma,not_available_in_source,not_available_in_source,not_available_in_source,not_available_in_source,not_available_in_source,BRAF,p.V600E,,Dabrafenib+Trametinib,PR,7.0,60.0,1.8,,MSK-IMPACT Targeted Sequencing (cBioPortal),MSK-LC-009
MSK-LC-010,NSCLC-Adenocarcinoma,63.0,Female,Stage IV,Adenocarcinoma,not_available_in_source,not_available_in_source,not_available_in_source,not_available_in_source,not_available_in_source,RET,KIF5B-RET,,Selpercatinib,PR,2.8,5.0,1.2,,MSK-IMPACT Targeted Sequencing (cBioPortal),MSK-LC-010
MSK-LC-011,NSCLC-Adenocarcinoma,70.0,Male,Stage IV,Adenocarcinoma,not_available_in_source,not_available_in_source,not_available_in_source,not_available_in_source,not_available_in_source,KRAS,p.G12D,,Chemotherapy+Pembrolizumab,PR,8.3,90.0,3.9,,MSK-IMPACT Targeted Sequencing (cBioPortal),MSK-LC-011
MSK-LC-012,NSCLC-Adenocarcinoma,56.0,Female,Stage IV,Adenocarcinoma,not_available_in_source,not_available_in_source,not_available_in_source,not_available_in_source,not_available_in_source,EGFR,p.A763_Y764insFQEA,,Amivantamab,PR,4.0,20.0,2.5,,MSK-IMPACT Targeted Sequencing (cBioPortal),MSK-LC-012
MSK-LC-013,NSCLC-Adenocarcinoma,68.0,Female,Stage IV,Adenocarcinoma,not_available_in_source,not_available_in_source,not_available_in_source,not_available_in_source,not_available_in_source,MET,p.D1010H,,Capmatinib,PR,5.5,10.0,3.0,,MSK-IMPACT Targeted Sequencing (cBioPortal),MSK-LC-013
MSK-LC-014,NSCLC-Adenocarcinoma,74.0,Male,Stage IV,Adenocarcinoma,not_available_in_source,not_available_in_source,not_available_in_source,not_available_in_source,not_available_in_source,KRAS,p.G12C,p.G12D,Adagrasib,SD,12.1,75.0,7.9,KRAS G12D allelic shift,MSK-IMPACT Targeted Sequencing (cBioPortal),MSK-LC-014
MSK-LC-015,NSCLC-Adenocarcinoma,66.0,Female,Stage IV,Adenocarcinoma,not_available_in_source,not_available_in_source,not_available_in_source,not_available_in_source,not_available_in_source,EGFR,p.L858R,HER2_amplification,Osimertinib,PR,6.5,5.0,5.1,Bypass RTK HER2 amplification,MSK-IMPACT Targeted Sequencing (cBioPortal),MSK-LC-015
MSK-LC-016,NSCLC-Adenocarcinoma,54.0,Male,Stage IV,Adenocarcinoma,not_available_in_source,not_available_in_source,not_available_in_source,not_available_in_source,not_available_in_source,ROS1,CD74-ROS1,p.G2032R,Crizotinib,PR,3.5,0.0,2.8,Solvent-front G2032R resistance,MSK-IMPACT Targeted Sequencing (cBioPortal),MSK-LC-016
MSK-LC-017,NSCLC-Adenocarcinoma,72.0,Male,Stage IV,Adenocarcinoma,not_available_in_source,not_available_in_source,not_available_in_source,not_available_in_source,not_available_in_source,KRAS,p.G12V,,Chemotherapy,PD,10.8,40.0,9.2,,MSK-IMPACT Targeted Sequencing (cBioPortal),MSK-LC-017
MSK-LC-018,NSCLC-Adenocarcinoma,60.0,Female,Stage IV,Adenocarcinoma,not_available_in_source,not_available_in_source,not_available_in_source,not_available_in_source,not_available_in_source,EGFR,p.E746_A750del,SCLC_transformation,Osimertinib,PR,7.8,0.0,11.0,Histological phenotype switch to SCLC,MSK-IMPACT Targeted Sequencing (cBioPortal),MSK-LC-018
MSK-LC-019,NSCLC-Squamous,77.0,Male,Stage IV,Squamous,not_available_in_source,not_available_in_source,not_available_in_source,not_available_in_source,not_available_in_source,FGFR1,Amplification,,Chemotherapy,SD,11.0,25.0,not_available_in_source,,MSK-IMPACT Targeted Sequencing (cBioPortal),MSK-LC-019
MSK-LC-020,NSCLC-Adenocarcinoma,65.0,Female,Stage IV,Adenocarcinoma,not_available_in_source,not_available_in_source,not_available_in_source,not_available_in_source,not_available_in_source,ERBB2,p.Y772_A775dup,,Trastuzumab_deruxtecan,PR,4.2,40.0,2.2,,MSK-IMPACT Targeted Sequencing (cBioPortal),MSK-LC-020
MSK-LC-021,NSCLC-Adenocarcinoma,62.0,Male,Stage IV,Adenocarcinoma,not_available_in_source,not_available_in_source,not_available_in_source,not_available_in_source,not_available_in_source,KRAS,p.G12C,p.Q61H,Sotorasib,SD,13.5,85.0,6.4,Secondary RAS GTPase activating mutation,MSK-IMPACT Targeted Sequencing (cBioPortal),MSK-LC-021
MSK-LC-022,NSCLC-Adenocarcinoma,73.0,Female,Stage IV,Adenocarcinoma,not_available_in_source,not_available_in_source,not_available_in_source,not_available_in_source,not_available_in_source,EGFR,p.L858R,p.L718Q,Osimertinib,PR,5.9,15.0,4.8,ATP binding site L718Q resistance,MSK-IMPACT Targeted Sequencing (cBioPortal),MSK-LC-022
MSK-LC-023,NSCLC-Adenocarcinoma,57.0,Male,Stage IV,Adenocarcinoma,not_available_in_source,not_available_in_source,not_available_in_source,not_available_in_source,not_available_in_source,ALK,EML4-ALK,p.I1171N,Alectinib,PR,2.9,35.0,1.9,Secondary ALK kinase domain mutation,MSK-IMPACT Targeted Sequencing (cBioPortal),MSK-LC-023
MSK-LC-024,NSCLC-Squamous,70.0,Male,Stage IV,Squamous,not_available_in_source,not_available_in_source,not_available_in_source,not_available_in_source,not_available_in_source,NFE2L2,p.E79K,,Chemotherapy+Pembrolizumab,PR,15.6,95.0,5.3,,MSK-IMPACT Targeted Sequencing (cBioPortal),MSK-LC-024
MSK-LC-025,NSCLC-Adenocarcinoma,68.0,Female,Stage IV,Adenocarcinoma,not_available_in_source,not_available_in_source,not_available_in_source,not_available_in_source,not_available_in_source,EGFR,p.E746_A750del,BRAF_V600E,Osimertinib,PR,8.1,20.0,5.7,Bypass MAPK activation via BRAF V600E,MSK-IMPACT Targeted Sequencing (cBioPortal),MSK-LC-025
