patient_id,prediction_horizon_days,progression_90d,future_tumor_volume_cm3,future_tumor_growth_rate,response_category_90d,split
P00001,90,1,252.95,261.97,progressive,train
P00002,90,0,9.8,-87.26,responding,train
P00003,90,0,46.31,23.52,stable,train
P00004,90,1,260.54,238.88,progressive,train
P00005,90,0,96.7,14.7,stable,train
P00006,90,1,302.25,198.14,progressive,train
P00007,90,0,88.03,3.46,stable,train
P00008,90,0,68.66,71.98,stable,train
P00009,90,1,201.69,254.61,progressive,train
P00010,90,1,28.02,41.15,progressive,train
P00011,90,1,100.47,157.05,progressive,train
P00012,90,1,232.82,160.4,progressive,train
P00013,90,0,39.1,30.26,stable,train
P00014,90,0,14.74,-39.05,stable,validation
P00015,90,1,295.31,246.62,progressive,train
P00016,90,1,120.84,483.42,progressive,train
P00017,90,1,29.51,74.99,progressive,train
P00018,90,0,78.07,65.68,stable,train
P00019,90,0,67.66,17.57,stable,test
P00020,90,0,75.37,4.86,stable,train
P00021,90,0,25.78,-50.42,stable,test
P00022,90,0,9.37,-90.9,responding,test
P00023,90,1,81.57,83.32,progressive,train
P00024,90,1,134.9,337.81,progressive,train
P00025,90,0,16.06,-82.78,responding,train
P00026,90,0,69.95,13.63,stable,train
P00027,90,1,42.99,30.01,progressive,test
P00028,90,0,63.44,-10.16,stable,test
P00029,90,1,334.94,628.19,progressive,test
P00030,90,1,351.82,358.01,progressive,train
P00031,90,1,79.78,55.96,progressive,test
P00032,90,0,52.03,7.91,stable,train
P00033,90,1,194.74,162.94,progressive,validation
P00034,90,0,71.69,6.62,stable,validation
P00035,90,1,199.42,252.85,progressive,validation
P00036,90,0,27.8,35.81,stable,train
P00037,90,1,148.92,367.48,progressive,train
P00038,90,1,116.96,64.63,progressive,train
P00039,90,0,114.42,24.96,stable,train
P00040,90,0,11.34,-85.72,responding,train
P00041,90,1,208.93,153.66,progressive,train
P00042,90,0,67.38,-5.96,stable,train
P00043,90,0,28.65,-68.55,responding,train
P00044,90,1,131.72,204.86,progressive,validation
P00045,90,0,49.67,-38.46,stable,train
P00046,90,1,71.11,162.15,progressive,train
P00047,90,1,428.13,613.68,progressive,validation
P00048,90,0,2.28,-90.45,responding,train
P00049,90,0,60.18,-28.83,stable,test
P00050,90,0,101.91,19.38,stable,train
P00051,90,0,85.1,12.35,stable,test
P00052,90,1,68.3,27.46,progressive,train
P00053,90,0,34.77,-41.5,stable,validation
P00054,90,0,4.19,-70.77,responding,test
P00055,90,1,159.47,371.55,progressive,train
P00056,90,0,18.59,-25.38,stable,train
P00057,90,1,164.7,67.65,progressive,train
P00058,90,1,13.19,-14.54,progressive,train
P00059,90,0,34.35,4.92,stable,train
P00060,90,0,15.66,-85.19,responding,train
P00062,90,1,138.54,40.04,progressive,validation
P00063,90,0,22.11,2.29,stable,train
P00064,90,1,160.54,377.43,progressive,train
P00065,90,1,60.69,48.45,progressive,train
P00066,90,0,33.74,14.59,stable,train
P00067,90,0,19.36,75.17,stable,test
P00068,90,1,197.1,388.08,progressive,train
P00069,90,0,11.01,-85.18,responding,train
P00070,90,1,88.28,62.58,progressive,train
P00071,90,1,98.37,345.98,progressive,test
P00072,90,0,11.41,-86.24,responding,train
P00073,90,0,7.07,-74.54,responding,test
P00074,90,1,98.83,-1.59,progressive,train
P00075,90,1,69.44,3.58,progressive,train
P00076,90,0,2.7,-81.94,responding,test
P00077,90,0,64.56,-28.81,stable,train
P00078,90,0,58.04,-17.93,stable,train
P00079,90,0,16.89,-85.87,responding,validation
P00080,90,0,27.24,3.53,stable,train
P00081,90,0,37.31,-10.94,stable,train
P00082,90,0,13.75,-82.63,responding,train
P00083,90,0,32.13,-42.93,stable,train
P00084,90,1,408.94,308.18,progressive,train
P00086,90,0,70.88,-7.11,stable,validation
P00087,90,1,390.82,478.03,progressive,validation
P00088,90,0,2.66,-89.23,responding,train
P00089,90,0,34.25,-30.47,stable,validation
P00090,90,0,43.74,-31.05,stable,train
P00091,90,1,97.67,35.24,progressive,train
P00092,90,0,1.85,-90.2,responding,train
P00093,90,1,114.5,298.68,progressive,train
P00094,90,0,86.87,44.03,stable,train
P00095,90,1,90.42,25.55,progressive,train
P00096,90,0,6.07,-82.0,responding,train
P00097,90,0,18.66,-80.65,responding,train
P00098,90,1,221.92,358.18,progressive,test
P00099,90,1,54.8,202.62,progressive,validation
P00100,90,0,121.24,55.68,stable,train
P00101,90,0,75.95,-12.19,stable,train
P00102,90,1,103.81,276.26,progressive,test
P00103,90,0,54.49,36.73,stable,train
P00104,90,1,102.47,74.28,progressive,train
P00105,90,0,13.23,-85.53,responding,train
P00106,90,0,66.64,-8.75,stable,train
P00107,90,1,347.09,246.65,progressive,test
P00108,90,1,107.57,272.34,progressive,validation
P00109,90,1,212.81,138.89,progressive,train
P00110,90,0,57.81,-7.57,stable,test
P00111,90,1,29.11,115.92,progressive,train
P00112,90,1,724.92,588.81,progressive,validation
P00113,90,1,35.78,27.11,progressive,test
P00114,90,0,50.92,21.28,stable,test
P00115,90,0,16.28,-89.36,responding,train
P00116,90,1,187.54,373.14,progressive,train
P00117,90,0,3.16,-89.53,responding,train
P00118,90,1,118.48,277.94,progressive,train
P00119,90,1,337.97,508.52,progressive,train
P00120,90,0,8.26,-44.9,stable,test
P00121,90,0,15.54,-87.29,responding,train
P00122,90,1,197.1,155.53,progressive,train
P00123,90,0,21.07,-77.77,responding,test
P00124,90,0,31.17,-20.53,stable,test
P00125,90,0,3.73,-86.17,responding,validation
P00126,90,1,252.78,320.47,progressive,train
P00127,90,1,81.64,22.31,progressive,train
P00128,90,1,289.8,320.63,progressive,validation
P00129,90,1,122.44,355.21,progressive,test
P00130,90,0,84.34,59.64,stable,train
P00131,90,1,426.93,278.55,progressive,validation
P00132,90,1,408.65,325.85,progressive,train
P00133,90,1,459.43,470.03,progressive,train
P00134,90,1,469.68,512.72,progressive,train
P00135,90,0,3.46,-90.25,responding,validation
P00136,90,1,206.62,397.78,progressive,test
P00137,90,0,3.65,-95.92,responding,validation
P00138,90,0,57.29,-29.83,stable,train
P00139,90,0,2.47,-82.13,responding,train
P00140,90,1,419.51,421.54,progressive,train
P00141,90,1,457.15,433.04,progressive,train
P00142,90,1,216.15,264.0,progressive,train
P00143,90,0,66.96,-8.23,stable,validation
P00144,90,1,142.89,81.61,progressive,train
P00145,90,1,402.74,353.01,progressive,train
P00146,90,0,4.74,-89.21,responding,validation
P00147,90,1,24.19,21.0,progressive,validation
P00148,90,1,113.5,42.72,progressive,train
P00149,90,0,62.84,-24.6,stable,train
P00150,90,0,71.13,-32.98,stable,train
P00151,90,0,61.8,-19.11,stable,train
P00152,90,1,118.51,247.78,progressive,train
P00153,90,1,29.13,26.46,progressive,train
P00154,90,1,38.61,60.25,progressive,train
P00155,90,1,51.0,96.27,progressive,test
P00156,90,1,103.79,106.25,progressive,train
P00157,90,0,58.52,-5.46,stable,train
P00158,90,1,372.05,228.1,progressive,train
P00159,90,0,59.04,-17.91,stable,test
P00160,90,0,42.4,-38.21,stable,train
P00161,90,0,12.61,11.3,stable,train
P00162,90,0,4.45,-90.04,responding,train
P00163,90,0,43.87,-3.84,stable,train
P00164,90,1,396.49,252.0,progressive,train
P00165,90,1,86.86,163.17,progressive,test
P00166,90,1,433.2,339.64,progressive,test
P00167,90,1,230.56,235.13,progressive,train
P00168,90,1,301.47,277.76,progressive,validation
P00169,90,0,74.63,10.48,stable,train
P00170,90,0,60.48,-38.63,stable,train
P00171,90,1,316.97,235.91,progressive,validation
P00172,90,0,49.88,11.09,stable,train
P00173,90,0,19.21,-12.38,stable,validation
P00174,90,0,22.25,-75.32,responding,train
P00175,90,1,18.07,26.65,progressive,train
P00176,90,0,3.88,-93.64,responding,train
P00177,90,0,11.32,-81.73,responding,validation
P00178,90,1,206.16,176.77,progressive,validation
P00179,90,1,521.99,473.15,progressive,test
P00180,90,1,20.61,1.87,progressive,validation
P00181,90,0,100.53,23.79,stable,validation
P00182,90,1,145.32,182.12,progressive,train
P00183,90,0,62.91,-25.56,stable,train
P00184,90,1,40.23,-16.17,progressive,train
P00185,90,0,25.35,-26.91,stable,train
P00186,90,1,223.13,200.91,progressive,test
P00187,90,0,90.02,25.06,stable,train
P00188,90,0,57.59,-35.09,stable,train
P00189,90,1,285.62,363.71,progressive,train
P00191,90,1,115.79,207.38,progressive,validation
P00192,90,0,2.58,-98.23,responding,validation
P00193,90,0,3.56,-88.41,responding,train
P00194,90,1,34.55,-3.73,progressive,train
P00195,90,0,6.83,-87.37,responding,train
P00196,90,0,11.02,-78.48,responding,train
P00197,90,0,8.53,-92.1,responding,train
P00198,90,0,32.36,-18.73,stable,train
P00199,90,0,93.48,-6.34,stable,train
P00200,90,0,8.77,-80.0,responding,train
P00201,90,0,64.24,11.11,stable,train
P00202,90,1,358.85,593.0,progressive,test
P00203,90,0,24.04,-8.2,stable,train
P00204,90,0,35.75,-8.79,stable,train
P00205,90,1,93.25,278.18,progressive,validation
P00206,90,0,8.95,-89.32,responding,test
P00207,90,1,341.51,381.86,progressive,test
P00208,90,1,106.42,276.41,progressive,train
P00209,90,0,11.17,-86.95,responding,train
P00210,90,1,115.19,123.63,progressive,train
P00211,90,0,36.2,-14.05,stable,train
P00212,90,0,34.14,-5.32,stable,test
P00213,90,1,153.98,165.5,progressive,train
P00214,90,0,9.1,-89.38,responding,train
P00215,90,0,81.44,14.52,stable,test
P00216,90,1,289.89,201.4,progressive,test
P00217,90,1,30.68,39.48,progressive,train
P00218,90,1,136.23,47.8,progressive,train
P00219,90,0,19.69,-4.22,stable,train
P00220,90,1,185.12,97.76,progressive,validation
P00221,90,0,62.78,15.32,stable,train
P00222,90,0,42.34,16.77,stable,train
P00223,90,1,179.2,516.36,progressive,train
P00224,90,0,112.48,43.46,stable,test
P00225,90,1,340.85,463.67,progressive,train
P00226,90,1,399.13,379.24,progressive,train
P00227,90,0,10.69,-83.18,responding,train
P00228,90,0,9.45,-84.92,responding,train
P00229,90,1,184.76,132.39,progressive,train
P00230,90,1,196.89,328.32,progressive,train
P00231,90,0,18.23,-80.24,responding,validation
P00232,90,1,188.04,122.17,progressive,validation
P00233,90,0,30.82,36.16,stable,validation
P00234,90,1,64.63,364.72,progressive,test
P00235,90,1,494.97,393.38,progressive,train
P00236,90,1,247.31,261.98,progressive,train
P00237,90,1,325.75,327.58,progressive,train
P00238,90,1,78.29,55.85,progressive,train
P00239,90,0,44.87,29.84,stable,train
P00240,90,0,5.68,-88.17,responding,train
P00241,90,1,247.92,279.06,progressive,train
P00242,90,1,170.78,158.12,progressive,train
P00243,90,0,3.11,-90.05,responding,train
P00244,90,0,29.19,-26.13,stable,test
P00245,90,0,69.23,-0.34,stable,train
P00246,90,1,158.75,169.4,progressive,validation
P00247,90,0,132.69,55.96,stable,test
P00248,90,1,83.89,407.69,progressive,train
P00249,90,1,78.1,32.2,progressive,train
P00250,90,1,389.67,295.08,progressive,validation
P00251,90,0,6.9,-85.43,responding,test
P00252,90,0,9.11,-80.59,responding,train
P00253,90,1,286.27,456.89,progressive,train
P00254,90,0,70.52,-27.55,stable,train
P00255,90,0,150.39,60.39,stable,train
P00256,90,0,5.63,-77.6,responding,validation
P00257,90,0,21.62,61.65,stable,test
P00258,90,1,52.49,80.04,progressive,train
P00259,90,1,84.47,17.23,progressive,test
P00260,90,0,44.48,-33.62,stable,validation
P00261,90,0,83.34,-4.01,stable,test
P00262,90,0,125.16,27.14,stable,train
P00263,90,1,318.45,398.08,progressive,train
P00264,90,1,185.04,282.86,progressive,train
P00265,90,0,7.8,-82.27,responding,validation
P00266,90,1,175.64,180.33,progressive,train
P00267,90,1,137.86,211.14,progressive,train
P00268,90,1,199.81,337.41,progressive,train
P00269,90,0,6.91,-46.91,stable,validation
P00270,90,1,366.72,256.77,progressive,train
P00271,90,1,448.62,505.23,progressive,validation
P00272,90,1,88.05,25.78,progressive,train
P00273,90,0,15.18,-32.03,stable,test
P00274,90,0,31.61,-0.83,stable,train
P00275,90,1,55.42,46.11,progressive,validation
P00276,90,0,66.77,-12.19,stable,validation
P00278,90,1,274.83,493.13,progressive,validation
P00279,90,1,164.31,166.86,progressive,train
P00280,90,0,9.07,-93.15,responding,train
P00281,90,1,93.84,-3.82,progressive,train
P00282,90,1,88.19,33.92,progressive,train
P00283,90,1,497.01,456.25,progressive,train
P00284,90,0,11.84,13.42,stable,train
P00285,90,0,13.25,-29.96,stable,test
P00286,90,0,50.26,-24.61,stable,train
P00287,90,1,393.66,542.68,progressive,test
P00288,90,0,112.18,20.21,stable,train
P00289,90,1,209.56,159.65,progressive,train
P00290,90,0,5.8,-77.53,responding,train
P00291,90,0,26.39,3.3,stable,train
P00292,90,0,21.77,8.62,stable,test
P00293,90,1,346.08,289.85,progressive,train
P00294,90,0,3.7,-74.19,responding,train
P00295,90,0,31.55,-10.56,stable,train
P00296,90,0,79.41,-15.74,stable,train
P00297,90,0,56.65,-20.45,stable,train
P00298,90,0,16.29,-77.71,responding,train
P00299,90,0,8.34,-71.85,responding,train
P00300,90,1,63.04,171.74,progressive,train
P00301,90,0,60.81,-19.56,stable,train
P00302,90,1,213.78,162.36,progressive,train
P00303,90,1,217.98,263.28,progressive,test
P00304,90,0,28.8,-46.45,stable,train
P00305,90,0,8.26,-85.12,responding,train
P00306,90,0,80.11,22.97,stable,test
P00307,90,1,391.73,242.21,progressive,train
P00308,90,0,18.16,3.22,stable,test
P00309,90,0,7.83,-83.36,responding,validation
P00310,90,0,101.68,17.2,stable,train
P00311,90,0,16.32,-82.62,responding,test
P00312,90,1,16.73,3.73,progressive,train
P00313,90,1,121.99,32.89,progressive,validation
P00314,90,0,71.2,-5.49,stable,train
P00315,90,0,44.6,30.04,stable,train
P00316,90,0,18.52,-80.89,responding,train
P00317,90,0,2.77,-79.13,responding,train
P00318,90,0,80.94,2.86,stable,train
P00319,90,0,67.12,-22.22,stable,train
P00320,90,0,6.39,-82.83,responding,train
P00321,90,1,269.36,229.32,progressive,train
P00322,90,0,59.97,11.05,stable,train
P00323,90,0,9.63,-88.34,responding,train
P00324,90,0,65.74,-12.36,stable,train
P00325,90,0,18.91,-83.97,responding,test
P00326,90,0,70.93,-24.03,stable,train
P00327,90,1,324.05,355.83,progressive,train
P00328,90,1,166.82,58.07,progressive,train
P00329,90,1,92.45,36.45,progressive,train
P00330,90,0,109.9,19.32,stable,train
P00331,90,0,30.03,9.14,stable,train
P00332,90,1,64.79,358.65,progressive,train
P00333,90,0,61.27,-9.62,stable,train
P00334,90,1,30.83,93.96,progressive,validation
P00335,90,1,85.07,293.54,progressive,train
P00336,90,0,16.74,-86.54,responding,train
P00337,90,1,273.58,180.33,progressive,train
P00338,90,1,266.52,369.35,progressive,train
P00339,90,1,12.49,-37.57,progressive,train
P00340,90,0,52.27,-26.38,stable,train
P00341,90,1,131.96,167.5,progressive,train
P00342,90,1,334.46,298.59,progressive,train
P00343,90,1,436.31,280.02,progressive,train
P00344,90,0,33.64,-19.44,stable,test
P00345,90,1,59.47,81.99,progressive,train
P00346,90,1,100.54,274.25,progressive,train
P00347,90,0,14.63,-13.13,stable,train
P00348,90,0,47.49,-28.47,stable,validation
P00349,90,1,323.62,419.53,progressive,train
P00350,90,1,504.0,370.93,progressive,train
P00351,90,1,328.61,945.43,progressive,train
P00352,90,0,92.78,21.22,stable,train
P00353,90,1,244.52,326.59,progressive,test
P00354,90,0,12.48,-51.08,stable,train
P00355,90,1,18.06,-2.4,progressive,validation
P00356,90,0,16.5,-85.73,responding,train
P00357,90,0,21.17,-48.82,stable,train
P00358,90,0,5.03,-94.63,responding,train
P00359,90,0,6.15,-95.02,responding,validation
P00360,90,1,671.86,739.52,progressive,test
P00361,90,0,16.8,-9.3,stable,train
P00362,90,1,82.04,103.71,progressive,validation
P00363,90,1,49.71,3.15,progressive,train
P00364,90,1,73.31,33.52,progressive,validation
P00365,90,0,11.48,-80.28,responding,train
P00366,90,1,102.55,66.01,progressive,test
P00367,90,1,139.21,139.82,progressive,train
P00368,90,0,118.18,37.52,stable,validation
P00369,90,0,51.37,-19.81,stable,train
P00370,90,0,21.29,-33.62,stable,train
P00371,90,1,415.6,365.92,progressive,train
P00372,90,0,15.95,-84.73,responding,train
P00373,90,0,70.33,-14.95,stable,train
P00374,90,1,144.45,138.61,progressive,train
P00375,90,0,7.6,-92.88,responding,train
P00376,90,0,6.68,-84.4,responding,test
P00377,90,1,290.74,208.06,progressive,train
P00378,90,0,39.81,31.83,stable,train
P00379,90,0,32.8,-17.89,stable,test
P00380,90,1,486.91,301.2,progressive,train
P00381,90,0,48.29,-28.9,stable,train
P00382,90,1,188.23,296.93,progressive,train
P00383,90,0,9.66,-92.18,responding,train
P00384,90,1,213.31,244.05,progressive,train
P00385,90,1,300.33,373.03,progressive,train
P00386,90,1,282.94,377.59,progressive,train
P00387,90,0,4.43,-80.61,responding,train
P00388,90,1,781.88,585.42,progressive,train
P00389,90,1,421.46,323.53,progressive,test
P00390,90,1,95.2,21.32,progressive,train
P00391,90,1,259.48,465.65,progressive,train
P00392,90,0,9.99,-83.44,responding,test
P00393,90,0,87.68,3.74,stable,train
P00394,90,0,12.94,-19.55,stable,test
P00395,90,1,484.65,371.25,progressive,train
P00396,90,1,209.57,407.3,progressive,train
P00397,90,0,10.94,-89.3,responding,test
P00398,90,1,63.69,403.65,progressive,validation
P00399,90,0,32.64,-16.12,stable,test
P00400,90,0,56.61,-15.45,stable,train
P00401,90,1,445.03,441.96,progressive,test
P00402,90,1,58.36,135.51,progressive,train
P00403,90,1,159.64,296.29,progressive,train
P00404,90,0,102.2,23.27,stable,validation
P00405,90,1,335.4,570.36,progressive,test
P00406,90,1,57.78,70.92,progressive,validation
P00407,90,0,5.14,-84.02,responding,validation
P00408,90,1,215.19,219.43,progressive,train
P00409,90,0,15.11,-52.46,stable,train
P00410,90,0,77.79,-10.46,stable,train
P00411,90,1,456.88,295.71,progressive,test
P00412,90,1,311.37,187.94,progressive,test
P00413,90,1,130.08,53.78,progressive,train
P00414,90,1,238.43,225.98,progressive,train
P00415,90,1,141.87,200.2,progressive,train
P00416,90,0,2.62,-87.56,responding,train
P00417,90,1,135.05,283.44,progressive,train
P00418,90,0,9.0,-83.28,responding,train
P00419,90,1,158.96,45.22,progressive,train
P00420,90,1,327.5,378.03,progressive,train
P00421,90,1,59.95,14.24,progressive,train
P00422,90,0,43.09,1.7,stable,train
P00423,90,0,36.97,-11.52,stable,train
P00424,90,1,43.81,265.98,progressive,train
P00425,90,1,275.85,515.98,progressive,train
P00426,90,0,6.35,-92.1,responding,validation
P00427,90,1,71.04,372.14,progressive,test
P00428,90,0,62.76,9.34,stable,train
P00429,90,0,77.62,-18.37,stable,train
P00430,90,0,58.87,-7.79,stable,train
P00431,90,0,46.65,-9.37,stable,train
P00432,90,0,28.51,-43.39,stable,train
P00433,90,1,41.38,29.94,progressive,train
P00434,90,0,3.64,-93.44,responding,test
P00435,90,0,20.93,-78.55,responding,train
P00436,90,1,69.15,2.36,progressive,train
P00437,90,0,52.01,-10.78,stable,train
P00438,90,0,14.12,-82.12,responding,validation
P00439,90,0,35.84,14.14,stable,train
P00440,90,0,12.07,-85.1,responding,train
P00441,90,0,82.54,-0.08,stable,train
P00442,90,0,15.97,-77.34,responding,train
P00443,90,0,51.59,-16.15,stable,train
P00444,90,1,116.95,166.26,progressive,validation
P00445,90,0,35.48,-28.34,stable,train
P00446,90,0,12.63,1.15,stable,validation
P00447,90,0,7.53,-91.99,responding,test
P00448,90,1,126.47,102.2,progressive,train
P00449,90,0,33.89,-27.41,stable,train
P00450,90,0,47.06,-14.49,stable,test
P00451,90,1,18.07,-10.2,progressive,train
P00452,90,0,20.19,4.52,stable,train
P00453,90,0,40.55,-19.75,stable,train
P00454,90,1,615.63,542.81,progressive,train
P00455,90,0,84.81,-3.44,stable,train
P00456,90,1,536.4,381.8,progressive,train
P00457,90,0,62.31,-20.94,stable,train
P00458,90,0,13.58,-30.95,stable,train
P00459,90,1,228.45,172.95,progressive,train
P00460,90,1,82.6,189.98,progressive,validation
P00461,90,1,248.82,316.4,progressive,validation
P00462,90,1,51.58,5.96,progressive,train
P00463,90,0,36.81,-39.43,stable,test
P00464,90,0,15.99,-81.51,responding,train
P00465,90,1,43.22,208.62,progressive,train
P00466,90,1,202.22,210.28,progressive,validation
P00467,90,0,81.73,13.86,stable,train
P00468,90,1,73.32,21.86,progressive,train
P00469,90,0,5.05,-95.26,responding,train
P00470,90,0,9.27,-15.58,stable,train
P00471,90,1,274.37,389.01,progressive,train
P00472,90,0,35.03,-14.54,stable,train
P00473,90,1,166.74,751.55,progressive,train
P00474,90,0,44.71,-16.89,stable,validation
P00475,90,0,80.24,14.96,stable,test
P00476,90,1,232.83,433.66,progressive,test
P00477,90,0,16.68,-86.03,responding,validation
P00478,90,1,391.8,355.01,progressive,train
P00479,90,1,263.92,311.72,progressive,train
P00480,90,1,91.09,284.05,progressive,train
P00481,90,0,72.03,-7.07,stable,train
P00482,90,0,65.25,-21.07,stable,train
P00483,90,0,35.95,34.8,stable,test
P00484,90,0,20.46,-80.41,responding,train
P00485,90,1,83.56,33.03,progressive,train
P00486,90,0,2.72,-92.48,responding,validation
P00487,90,1,50.9,69.38,progressive,train
P00488,90,1,153.19,118.57,progressive,validation
P00489,90,0,22.2,57.83,stable,train
P00490,90,1,90.93,33.05,progressive,train
P00491,90,1,433.22,298.82,progressive,train
P00492,90,0,43.9,54.4,stable,train
P00493,90,1,180.98,259.56,progressive,train
P00494,90,1,111.7,91.06,progressive,train
P00495,90,1,254.61,459.76,progressive,train
P00496,90,0,50.31,23.78,stable,test
P00497,90,0,9.05,-92.9,responding,train
P00498,90,1,209.24,710.18,progressive,test
P00499,90,0,9.4,-94.58,responding,train
P00500,90,0,63.42,-26.43,stable,train
P00501,90,1,44.25,274.5,progressive,train
P00502,90,0,60.24,-7.24,stable,validation
P00503,90,0,54.54,2.23,stable,train
P00504,90,0,172.52,82.42,stable,train
P00505,90,1,89.68,200.75,progressive,train
P00506,90,0,9.89,-81.82,responding,train
P00507,90,1,124.32,183.35,progressive,train
P00508,90,1,73.57,105.02,progressive,train
P00509,90,0,8.68,-70.32,responding,validation
P00510,90,0,42.43,51.05,stable,train
P00511,90,1,246.1,181.6,progressive,validation
P00512,90,0,36.94,36.91,stable,train
P00513,90,0,17.15,-15.25,stable,train
P00514,90,0,66.62,48.39,stable,train
P00515,90,1,418.85,400.19,progressive,test
P00516,90,1,248.2,233.14,progressive,train
P00517,90,1,194.79,379.44,progressive,train
P00518,90,1,149.77,338.07,progressive,train
P00519,90,1,83.73,334.05,progressive,train
P00520,90,1,387.33,372.92,progressive,train
P00521,90,1,57.56,290.07,progressive,train
P00522,90,1,204.18,193.0,progressive,train
P00523,90,1,340.67,272.79,progressive,train
P00524,90,0,77.02,2.11,stable,test
P00525,90,1,47.19,3.21,progressive,train
P00526,90,1,215.44,253.72,progressive,train
P00527,90,1,163.85,110.09,progressive,train
P00528,90,0,20.87,15.12,stable,train
P00529,90,0,90.03,-5.94,stable,test
P00530,90,0,22.88,-78.21,responding,train
P00531,90,0,44.88,-6.55,stable,train
P00532,90,0,86.1,27.32,stable,train
P00533,90,0,14.31,-83.54,responding,validation
P00535,90,0,18.07,-78.05,responding,train
P00536,90,0,25.04,-68.68,responding,validation
P00537,90,1,72.34,149.41,progressive,train
P00538,90,0,68.35,-5.49,stable,train
P00539,90,0,117.48,29.52,stable,train
P00540,90,0,59.38,4.39,stable,train
P00541,90,1,178.47,198.72,progressive,train
P00542,90,0,53.98,-14.93,stable,train
P00543,90,1,352.23,300.42,progressive,train
P00544,90,0,29.83,-46.6,stable,validation
P00545,90,0,72.71,-11.92,stable,train
P00546,90,0,37.33,21.7,stable,train
P00547,90,1,84.47,250.22,progressive,train
P00548,90,1,99.21,323.26,progressive,train
P00549,90,1,358.06,338.77,progressive,train
P00550,90,0,32.66,-23.47,stable,validation
P00551,90,1,414.87,339.12,progressive,validation
P00552,90,0,38.49,-23.05,stable,test
P00553,90,0,57.13,-26.6,stable,test
P00554,90,0,17.23,28.68,stable,train
P00555,90,1,297.66,400.42,progressive,train
P00556,90,1,225.64,326.03,progressive,test
P00557,90,0,9.72,-86.48,responding,test
P00558,90,1,90.43,76.19,progressive,train
P00559,90,0,34.86,-14.48,stable,train
P00560,90,0,16.47,4.75,stable,train
P00561,90,0,86.65,15.98,stable,train
P00562,90,1,471.83,328.31,progressive,train
P00563,90,0,13.41,-84.33,responding,train
P00564,90,1,664.04,622.8,progressive,test
P00565,90,1,123.48,71.78,progressive,train
P00566,90,1,664.24,595.5,progressive,train
P00567,90,1,161.36,348.07,progressive,validation
P00568,90,1,593.7,400.86,progressive,train
P00569,90,1,372.61,225.91,progressive,train
P00570,90,0,80.6,-1.56,stable,train
P00571,90,0,16.04,-20.21,stable,train
P00572,90,0,29.15,-17.96,stable,train
P00573,90,0,9.0,-91.2,responding,validation
P00574,90,0,84.73,-1.44,stable,train
P00575,90,0,24.76,26.1,stable,test
P00576,90,0,12.84,-91.51,responding,train
P00577,90,1,358.7,458.51,progressive,test
P00578,90,0,12.85,-91.13,responding,train
P00579,90,0,30.49,-16.35,stable,validation
P00580,90,0,14.83,-87.88,responding,validation
P00581,90,1,173.52,219.86,progressive,test
P00582,90,0,68.81,-6.85,stable,train
P00583,90,0,4.87,-90.68,responding,train
P00584,90,1,147.78,279.81,progressive,train
P00585,90,0,2.43,-83.42,responding,test
P00586,90,1,156.85,176.05,progressive,validation
P00587,90,0,65.63,-15.93,stable,train
P00588,90,0,11.05,-85.02,responding,validation
P00589,90,0,41.06,33.27,stable,validation
P00590,90,1,230.66,466.18,progressive,train
P00591,90,1,116.81,564.25,progressive,train
P00592,90,0,9.1,-85.25,responding,train
P00593,90,1,145.54,379.89,progressive,train
P00594,90,1,42.13,8.08,progressive,train
P00595,90,1,135.78,365.27,progressive,test
P00596,90,0,57.5,18.75,stable,train
P00597,90,1,148.84,66.39,progressive,train
P00598,90,0,7.42,-89.0,responding,train
P00599,90,0,25.5,5.46,stable,train
P00600,90,1,215.95,234.32,progressive,train
P00601,90,0,12.63,-84.74,responding,train
P00602,90,0,98.53,54.81,stable,test
P00603,90,1,392.12,316.7,progressive,train
P00604,90,1,140.04,238.93,progressive,train
P00605,90,0,34.29,-17.33,stable,validation
P00606,90,1,292.84,297.73,progressive,validation
P00607,90,0,11.05,-27.07,stable,train
P00608,90,1,94.54,-3.34,progressive,train
P00609,90,1,205.67,165.46,progressive,train
P00610,90,0,29.5,-25.01,stable,train
P00611,90,0,20.06,-1.93,stable,train
P00612,90,0,11.7,-94.15,responding,train
P00613,90,1,171.53,154.67,progressive,test
P00614,90,1,526.6,439.89,progressive,validation
P00615,90,1,376.39,278.78,progressive,train
P00616,90,0,47.41,-10.82,stable,test
P00617,90,0,14.65,-17.22,stable,train
P00618,90,1,105.48,53.68,progressive,train
P00619,90,0,5.21,-85.96,responding,validation
P00620,90,1,193.31,211.12,progressive,train
P00621,90,0,15.3,-6.3,stable,test
P00622,90,1,242.32,336.57,progressive,validation
P00623,90,1,639.28,549.89,progressive,test
P00624,90,0,38.39,5.87,stable,test
P00625,90,0,37.73,-34.43,stable,train
P00626,90,0,11.94,-18.19,stable,train
P00627,90,1,352.33,543.42,progressive,test
P00628,90,1,212.49,233.14,progressive,test
P00629,90,0,27.45,2.18,stable,train
P00630,90,1,380.83,347.12,progressive,test
P00631,90,1,220.49,390.39,progressive,test
P00632,90,0,48.46,20.65,stable,train
P00633,90,1,306.98,421.34,progressive,validation
P00634,90,1,318.9,277.38,progressive,train
P00635,90,1,212.34,274.62,progressive,test
P00636,90,0,8.3,-93.61,responding,test
P00637,90,1,189.07,306.09,progressive,train
P00638,90,0,31.77,-32.62,stable,train
P00639,90,1,113.03,30.06,progressive,train
P00640,90,0,11.32,-84.95,responding,train
P00641,90,1,114.3,252.39,progressive,train
P00642,90,1,169.95,220.92,progressive,train
P00643,90,0,9.05,-70.93,responding,train
P00644,90,0,8.4,-87.37,responding,train
P00645,90,1,85.67,-10.16,progressive,train
P00646,90,1,316.06,192.57,progressive,validation
P00647,90,0,4.96,-85.93,responding,train
P00648,90,1,63.64,107.74,progressive,train
P00649,90,0,61.04,-34.6,stable,test
P00650,90,0,78.43,-8.17,stable,test
P00651,90,1,659.72,522.54,progressive,validation
P00652,90,0,24.76,46.28,stable,train
P00653,90,0,4.31,-95.41,responding,train
P00654,90,0,4.98,-93.27,responding,test
P00655,90,0,38.24,7.29,stable,test
P00656,90,1,231.08,311.57,progressive,train
P00657,90,1,120.72,40.82,progressive,test
P00658,90,0,110.17,14.46,stable,validation
P00659,90,0,8.75,-83.07,responding,validation
P00660,90,1,305.45,356.47,progressive,train
P00661,90,1,226.52,219.13,progressive,train
P00662,90,1,706.41,649.61,progressive,train
P00663,90,0,21.12,-74.23,responding,test
P00664,90,1,200.58,317.05,progressive,validation
P00665,90,1,180.89,252.82,progressive,train
P00666,90,0,15.21,-88.03,responding,train
P00667,90,0,74.85,-12.71,stable,train
P00668,90,1,240.62,345.61,progressive,train
P00669,90,1,455.37,359.2,progressive,train
P00670,90,1,81.55,49.19,progressive,train
P00671,90,0,93.96,-1.72,stable,train
P00672,90,0,19.3,-77.69,responding,train
P00673,90,0,69.49,-12.2,stable,test
P00674,90,0,102.95,5.79,stable,train
P00675,90,1,499.24,390.99,progressive,test
P00676,90,1,244.95,227.7,progressive,test
P00677,90,0,58.44,-5.71,stable,train
P00678,90,1,22.7,91.22,progressive,train
P00679,90,1,75.95,404.5,progressive,train
P00680,90,0,3.99,-83.95,responding,train
P00681,90,0,37.41,18.02,stable,train
P00682,90,0,105.42,10.7,stable,train
P00683,90,1,254.44,333.97,progressive,test
P00684,90,1,255.76,258.11,progressive,train
P00685,90,1,437.61,317.64,progressive,test
P00686,90,1,456.14,318.86,progressive,train
P00687,90,0,20.09,-45.54,stable,train
P00688,90,1,456.31,326.02,progressive,validation
P00689,90,1,94.49,289.56,progressive,validation
P00690,90,1,480.93,515.04,progressive,test
P00691,90,0,11.44,-84.94,responding,train
P00692,90,1,236.59,328.57,progressive,test
P00693,90,0,55.58,-26.69,stable,validation
P00694,90,1,55.98,18.39,progressive,train
P00695,90,1,131.98,47.22,progressive,train
P00696,90,0,12.02,-84.97,responding,test
P00697,90,0,74.36,20.12,stable,train
P00698,90,0,52.21,-24.44,stable,test
P00699,90,0,12.28,-89.88,responding,train
P00700,90,0,10.84,-91.55,responding,train
P00701,90,0,65.05,-0.48,stable,test
P00703,90,1,423.72,377.14,progressive,train
P00704,90,0,15.76,-17.78,stable,train
P00705,90,0,73.59,46.98,stable,train
P00706,90,0,8.46,-90.52,responding,train
P00707,90,0,41.95,-23.94,stable,train
P00708,90,0,4.78,-86.89,responding,test
P00709,90,0,69.61,-4.03,stable,train
P00710,90,0,5.93,-99.49,responding,train
P00711,90,1,764.5,581.06,progressive,test
P00712,90,0,13.59,-84.5,responding,test
P00713,90,1,377.07,220.27,progressive,test
P00714,90,1,59.59,51.9,progressive,train
P00715,90,0,22.14,-7.53,stable,train
P00716,90,1,317.71,387.95,progressive,validation
P00717,90,1,93.08,34.6,progressive,train
P00718,90,1,135.16,221.2,progressive,test
P00719,90,0,147.85,64.21,stable,train
P00720,90,1,396.66,321.63,progressive,train
P00721,90,0,129.23,46.47,stable,train
P00722,90,1,261.03,283.7,progressive,train
P00723,90,1,403.47,255.63,progressive,validation
P00724,90,1,197.11,393.47,progressive,test
P00725,90,0,8.18,-39.83,stable,test
P00726,90,0,40.03,-7.32,stable,test
P00727,90,0,6.47,-75.73,responding,train
P00728,90,0,20.51,-28.77,stable,validation
P00729,90,0,30.48,-10.86,stable,train
P00730,90,0,81.12,-3.64,stable,test
P00731,90,1,336.73,268.15,progressive,train
P00732,90,0,4.82,-89.42,responding,test
P00733,90,1,162.89,353.27,progressive,test
P00734,90,1,47.96,56.91,progressive,train
P00735,90,0,66.22,-30.71,stable,validation
P00736,90,1,203.9,294.19,progressive,validation
P00737,90,0,31.31,-70.75,responding,train
P00738,90,0,11.27,-84.46,responding,test
P00739,90,0,30.45,-22.91,stable,train
P00740,90,1,345.8,223.02,progressive,validation
P00741,90,1,69.81,116.89,progressive,train
P00742,90,0,17.87,-77.25,responding,test
P00743,90,0,12.25,-27.02,stable,validation
P00744,90,1,94.44,3.09,progressive,train
P00745,90,0,18.34,-37.73,stable,train
P00746,90,0,14.8,9.79,stable,validation
P00747,90,0,13.52,-27.35,stable,train
P00748,90,1,189.88,148.24,progressive,validation
P00749,90,0,47.52,-12.25,stable,train
P00750,90,1,56.15,-21.94,progressive,train
P00751,90,0,14.15,-78.87,responding,train
P00752,90,0,3.12,-89.22,responding,train
P00753,90,1,81.26,208.33,progressive,train
P00754,90,1,277.1,509.81,progressive,validation
P00755,90,1,160.28,384.44,progressive,train
P00756,90,0,3.03,-97.55,responding,train
P00757,90,1,60.85,64.56,progressive,test
P00758,90,1,70.02,13.59,progressive,test
P00759,90,1,282.07,321.78,progressive,train
P00760,90,1,193.57,334.14,progressive,train
P00761,90,0,6.62,-96.53,responding,validation
P00762,90,0,3.27,-71.35,responding,train
P00763,90,1,57.06,-25.88,progressive,validation
P00764,90,0,76.79,-11.34,stable,train
P00765,90,0,48.29,-30.34,stable,train
P00766,90,0,54.77,-18.73,stable,train
P00767,90,1,258.42,312.11,progressive,train
P00768,90,0,49.88,-41.38,stable,train
P00769,90,1,63.71,124.03,progressive,test
P00770,90,0,8.41,-92.29,responding,train
P00771,90,0,53.86,-24.92,stable,train
P00772,90,0,64.24,-4.93,stable,train
P00773,90,1,67.28,113.66,progressive,train
P00774,90,1,109.74,267.83,progressive,train
P00775,90,1,319.62,275.6,progressive,test
P00776,90,0,17.74,-84.02,responding,train
P00777,90,1,391.75,239.2,progressive,train
P00778,90,0,6.98,-90.37,responding,train
P00779,90,1,322.49,210.38,progressive,train
P00780,90,0,46.91,31.41,stable,train
P00781,90,0,27.7,32.82,stable,train
P00782,90,1,142.51,98.87,progressive,train
P00783,90,1,336.15,354.03,progressive,test
P00784,90,1,121.13,16.52,progressive,train
P00785,90,0,57.39,-9.9,stable,train
P00786,90,1,202.46,488.94,progressive,test
P00787,90,0,11.18,-4.72,stable,train
P00788,90,0,31.36,-25.18,stable,train
P00789,90,1,76.09,162.95,progressive,validation
P00790,90,1,45.16,12.8,progressive,train
P00791,90,1,120.86,159.56,progressive,train
P00792,90,0,63.91,14.57,stable,train
P00793,90,1,696.65,462.5,progressive,train
P00794,90,1,281.83,144.37,progressive,train
P00795,90,1,239.85,218.94,progressive,train
P00796,90,1,348.25,350.63,progressive,train
P00797,90,1,461.33,466.43,progressive,test
P00798,90,0,35.52,-10.2,stable,validation
P00799,90,0,32.8,19.24,stable,validation
P00800,90,1,200.94,614.1,progressive,train
P00801,90,1,475.43,366.72,progressive,train
P00802,90,1,261.23,605.55,progressive,train
P00803,90,0,3.03,-83.67,responding,train
P00804,90,0,51.0,-1.31,stable,train
P00805,90,1,63.47,12.36,progressive,train
P00806,90,1,257.95,267.33,progressive,train
P00807,90,0,99.69,39.89,stable,train
P00808,90,0,9.45,-90.65,responding,train
P00809,90,1,10.9,-1.29,progressive,train
P00810,90,0,3.19,-91.04,responding,train
P00811,90,0,67.49,-26.48,stable,train
P00812,90,0,99.02,3.05,stable,train
P00813,90,0,7.14,-85.76,responding,train
P00814,90,0,43.45,52.57,stable,validation
P00815,90,0,41.87,-22.95,stable,train
P00816,90,0,118.56,49.9,stable,validation
P00817,90,0,15.98,-12.23,stable,train
P00818,90,0,82.34,-6.27,stable,test
P00819,90,0,109.76,7.88,stable,train
P00820,90,1,146.02,387.02,progressive,validation
P00821,90,0,79.28,8.38,stable,test
P00822,90,0,13.92,-86.94,responding,validation
P00823,90,1,37.18,204.85,progressive,train
P00824,90,0,2.52,-89.72,responding,validation
P00825,90,1,290.69,542.57,progressive,train
P00826,90,0,37.22,0.0,stable,test
P00827,90,0,39.8,-26.88,stable,test
P00829,90,1,105.3,0.58,progressive,train
P00830,90,0,42.71,-3.78,stable,test
P00831,90,0,193.46,94.44,stable,train
P00832,90,1,82.9,54.92,progressive,train
P00833,90,1,236.43,353.12,progressive,train
P00834,90,0,13.25,-66.55,responding,train
P00835,90,1,66.53,125.78,progressive,test
P00836,90,1,137.42,83.88,progressive,train
P00837,90,0,20.33,-82.88,responding,test
P00838,90,1,468.81,393.58,progressive,train
P00839,90,0,21.11,-16.75,stable,train
P00840,90,0,20.78,-71.74,responding,train
P00841,90,1,41.86,16.5,progressive,train
P00842,90,0,18.83,3.43,stable,train
P00843,90,1,477.86,405.21,progressive,validation
P00844,90,1,113.95,53.85,progressive,train
P00845,90,0,2.35,-83.78,responding,train
P00846,90,0,104.36,18.0,stable,validation
P00847,90,1,196.66,261.07,progressive,train
P00848,90,1,566.82,652.01,progressive,test
P00849,90,1,296.33,473.6,progressive,train
P00850,90,1,230.38,289.77,progressive,train
P00851,90,0,4.33,-90.4,responding,train
P00852,90,1,21.06,37.56,progressive,validation
P00853,90,0,56.66,-16.89,stable,train
P00854,90,0,20.95,2.3,stable,train
P00855,90,1,165.41,77.13,progressive,test
P00856,90,1,143.76,356.77,progressive,validation
P00857,90,1,263.28,285.22,progressive,test
P00858,90,1,227.46,211.27,progressive,train
P00859,90,0,43.13,-3.61,stable,test
P00860,90,0,18.55,-18.64,stable,train
P00861,90,0,42.19,-57.62,stable,train
P00862,90,0,51.69,9.05,stable,train
P00863,90,1,318.77,299.27,progressive,validation
P00864,90,0,14.52,36.91,stable,train
P00865,90,0,54.26,-11.53,stable,train
P00866,90,1,280.85,257.29,progressive,train
P00867,90,0,8.8,-92.45,responding,train
P00868,90,1,53.06,39.48,progressive,train
P00869,90,0,87.36,-14.52,stable,train
P00870,90,0,2.68,-90.86,responding,train
P00871,90,1,120.97,253.43,progressive,train
P00872,90,0,10.18,-80.29,responding,train
P00873,90,1,118.9,100.61,progressive,validation
P00874,90,1,234.42,144.4,progressive,train
P00875,90,0,117.75,12.39,stable,test
P00876,90,1,61.57,33.66,progressive,validation
P00878,90,1,164.9,252.71,progressive,train
P00879,90,1,54.62,7.67,progressive,train
P00880,90,0,50.06,58.58,stable,train
P00881,90,0,13.6,-91.59,responding,train
P00882,90,0,11.97,-86.35,responding,train
P00883,90,0,9.14,-82.45,responding,train
P00884,90,0,68.32,-31.11,stable,train
P00885,90,0,13.25,-88.53,responding,validation
P00886,90,1,378.0,284.54,progressive,train
P00887,90,1,285.87,398.77,progressive,train
P00888,90,1,229.46,138.32,progressive,validation
P00889,90,0,46.38,-18.87,stable,train
P00890,90,0,9.12,-88.23,responding,train
P00891,90,1,53.74,97.55,progressive,validation
P00892,90,1,323.99,304.06,progressive,validation
P00893,90,1,133.23,478.98,progressive,train
P00894,90,1,279.21,260.69,progressive,train
P00895,90,1,97.58,143.95,progressive,train
P00896,90,0,13.98,-5.77,stable,train
P00897,90,0,5.19,-95.04,responding,test
P00898,90,0,14.44,-73.24,responding,train
P00899,90,0,50.09,7.87,stable,train
P00900,90,1,25.38,-3.18,progressive,train
P00901,90,0,47.67,-23.58,stable,test
P00902,90,1,103.1,41.26,progressive,validation
P00903,90,1,332.3,369.26,progressive,train
P00904,90,0,19.45,-10.11,stable,train
P00905,90,1,324.33,220.95,progressive,train
P00906,90,0,4.1,-93.69,responding,train
P00907,90,1,215.74,400.18,progressive,train
P00908,90,0,8.4,-94.37,responding,train
P00909,90,0,26.9,-27.59,stable,train
P00910,90,1,408.71,345.9,progressive,train
P00911,90,1,206.15,263.0,progressive,train
P00912,90,1,110.31,207.76,progressive,train
P00913,90,1,133.35,128.07,progressive,train
P00914,90,1,78.55,31.71,progressive,train
P00915,90,1,659.8,470.57,progressive,train
P00916,90,0,18.11,-87.16,responding,train
P00917,90,1,76.01,62.93,progressive,test
P00918,90,1,476.27,381.18,progressive,test
P00919,90,1,114.79,102.71,progressive,train
P00920,90,0,14.68,-51.27,stable,train
P00921,90,0,5.42,-92.07,responding,validation
P00922,90,0,30.77,-11.76,stable,train
P00923,90,0,57.21,-0.6,stable,train
P00924,90,1,129.14,48.91,progressive,train
P00925,90,1,28.35,21.28,progressive,validation
P00926,90,0,26.57,-36.8,stable,train
P00927,90,0,53.04,11.86,stable,train
P00928,90,1,351.12,407.95,progressive,train
P00929,90,0,17.14,-81.3,responding,train
P00930,90,1,161.57,349.35,progressive,validation
P00931,90,1,408.75,304.49,progressive,train
P00932,90,0,69.4,-22.94,stable,test
P00933,90,0,24.84,19.91,stable,train
P00934,90,1,73.41,233.76,progressive,validation
P00935,90,1,84.05,468.14,progressive,train
P00936,90,0,100.35,7.75,stable,train
P00937,90,1,418.88,697.96,progressive,train
P00938,90,0,5.86,-87.95,responding,train
P00939,90,1,195.39,472.77,progressive,test
P00940,90,1,312.46,231.02,progressive,train
P00941,90,0,24.34,-3.36,stable,validation
P00942,90,1,321.17,400.9,progressive,validation
P00943,90,1,167.15,99.99,progressive,train
P00944,90,1,28.76,53.05,progressive,train
P00945,90,1,545.94,503.0,progressive,validation
P00946,90,1,144.39,72.45,progressive,train
P00947,90,0,56.0,-17.07,stable,train
P00948,90,1,130.91,117.33,progressive,test
P00949,90,0,121.22,61.23,stable,train
P00950,90,0,62.29,-11.5,stable,validation
P00951,90,1,83.84,298.27,progressive,train
P00952,90,0,39.28,10.61,stable,train
P00953,90,0,3.94,-82.29,responding,train
P00954,90,0,7.44,-86.59,responding,test
P00955,90,0,70.1,24.05,stable,train
P00956,90,1,256.06,235.94,progressive,validation
P00957,90,0,95.82,2.1,stable,train
P00958,90,0,72.85,-8.47,stable,train
P00959,90,0,6.35,-90.12,responding,test
P00960,90,0,29.99,-25.8,stable,train
P00962,90,0,17.93,-84.79,responding,train
P00963,90,1,342.35,455.14,progressive,validation
P00964,90,1,235.77,534.71,progressive,train
P00965,90,0,3.16,-97.29,responding,train
P00966,90,0,67.31,-16.65,stable,train
P00967,90,0,78.66,73.66,stable,train
P00968,90,1,278.13,171.33,progressive,validation
P00969,90,1,113.2,225.21,progressive,validation
P00970,90,0,44.37,-27.62,stable,train
P00971,90,0,55.02,-15.7,stable,train
P00972,90,0,39.15,-3.72,stable,train
P00973,90,0,62.86,-6.22,stable,test
P00974,90,1,104.96,537.1,progressive,train
P00975,90,1,90.05,226.5,progressive,train
P00976,90,0,13.05,-74.7,responding,train
P00977,90,0,12.01,-20.95,stable,test
P00978,90,1,108.11,286.84,progressive,train
P00979,90,1,34.31,103.18,progressive,train
P00980,90,0,22.53,-42.0,stable,train
P00981,90,1,199.2,261.79,progressive,train
P00982,90,0,17.32,-77.1,responding,test
P00983,90,0,21.34,-7.87,stable,train
P00984,90,1,68.83,-22.44,progressive,train
P00985,90,0,44.46,-17.45,stable,train
P00986,90,1,226.93,131.4,progressive,train
P00987,90,0,119.58,48.51,stable,train
P00988,90,1,441.7,628.59,progressive,train
P00989,90,1,677.59,545.81,progressive,train
P00990,90,0,8.51,-96.28,responding,train
P00991,90,0,17.85,-81.87,responding,test
P00992,90,1,179.91,240.58,progressive,train
P00993,90,0,8.95,-77.03,responding,train
P00994,90,1,118.28,101.2,progressive,train
P00995,90,1,90.22,84.92,progressive,train
P00996,90,0,11.17,-83.56,responding,train
P00997,90,0,84.93,13.07,stable,train
P00998,90,1,449.0,376.74,progressive,train
P00999,90,1,66.9,58.7,progressive,train
P01000,90,0,9.09,-28.09,stable,train
P01001,90,0,31.74,-1.61,stable,train
P01002,90,0,35.16,16.15,stable,train
P01003,90,0,77.8,-15.98,stable,train
P01004,90,1,526.48,382.67,progressive,validation
P01005,90,1,85.18,118.41,progressive,validation
P01006,90,0,37.15,0.09,stable,test
P01007,90,1,314.25,304.88,progressive,train
P01008,90,1,363.45,384.68,progressive,test
P01009,90,0,29.06,7.64,stable,train
P01010,90,0,78.78,-6.68,stable,train
P01011,90,0,19.84,-83.52,responding,train
P01012,90,1,610.71,597.36,progressive,train
P01013,90,0,61.97,-38.25,stable,train
P01014,90,1,197.32,495.91,progressive,train
P01015,90,1,93.14,114.14,progressive,train
P01016,90,1,142.35,238.44,progressive,train
P01017,90,0,5.81,-91.37,responding,train
P01018,90,1,101.99,46.05,progressive,train
P01019,90,0,181.69,86.99,stable,validation
P01020,90,1,65.43,253.98,progressive,train
P01021,90,0,11.98,-80.71,responding,validation
P01022,90,1,116.85,276.02,progressive,train
P01023,90,1,895.25,853.55,progressive,train
P01024,90,1,140.16,256.75,progressive,train
P01025,90,1,623.57,435.79,progressive,train
P01026,90,1,292.39,355.9,progressive,validation
P01027,90,1,160.27,430.57,progressive,test
P01028,90,0,12.99,-5.03,stable,train
P01029,90,0,49.18,14.83,stable,train
P01030,90,1,106.92,264.05,progressive,test
P01031,90,1,263.1,309.97,progressive,train
P01032,90,1,407.6,274.68,progressive,train
P01033,90,0,95.79,33.0,stable,train
P01034,90,0,11.02,-90.35,responding,train
P01035,90,0,9.38,-84.37,responding,train
P01036,90,0,116.78,20.83,stable,train
P01037,90,1,525.07,478.22,progressive,train
P01038,90,0,7.31,-88.6,responding,validation
P01039,90,1,26.59,21.89,progressive,validation
P01040,90,0,59.48,-37.32,stable,train
P01041,90,1,298.49,375.49,progressive,train
P01043,90,0,47.65,15.02,stable,train
P01044,90,1,166.18,398.58,progressive,validation
P01045,90,0,27.26,-67.45,responding,test
P01046,90,0,47.95,27.56,stable,train
P01047,90,0,44.63,-4.49,stable,test
P01048,90,0,42.56,-17.75,stable,validation
P01049,90,1,66.62,262.46,progressive,train
P01050,90,1,427.58,328.12,progressive,validation
P01051,90,0,19.4,-85.1,responding,test
P01052,90,0,28.07,2.57,stable,train
P01053,90,0,83.16,-7.75,stable,train
P01054,90,1,36.01,89.79,progressive,test
P01056,90,1,113.25,224.63,progressive,validation
P01057,90,0,6.36,-88.21,responding,validation
P01058,90,0,54.4,-25.99,stable,test
P01059,90,1,179.12,93.67,progressive,train
P01060,90,1,149.32,432.0,progressive,train
P01061,90,1,516.54,394.49,progressive,train
P01062,90,0,18.88,-5.71,stable,train
P01063,90,1,314.32,369.3,progressive,train
P01064,90,1,131.5,418.38,progressive,train
P01065,90,1,220.39,322.46,progressive,train
P01066,90,1,68.42,14.99,progressive,train
P01067,90,0,21.61,-4.1,stable,train
P01068,90,1,360.76,672.63,progressive,train
P01069,90,1,67.5,366.42,progressive,train
P01070,90,0,4.89,-85.04,responding,train
P01071,90,1,304.97,291.04,progressive,train
P01072,90,1,113.24,166.67,progressive,test
P01073,90,1,452.67,507.91,progressive,test
P01074,90,0,101.91,5.31,stable,train
P01075,90,0,26.85,-22.14,stable,train
P01076,90,0,1.53,-87.98,responding,test
P01077,90,0,102.47,21.02,stable,train
P01078,90,1,167.57,217.78,progressive,train
P01079,90,1,47.22,81.39,progressive,train
P01080,90,0,7.63,-95.18,responding,train
P01081,90,0,6.45,-89.22,responding,train
P01082,90,0,21.19,24.98,stable,train
P01083,90,1,244.02,318.56,progressive,validation
P01084,90,1,81.84,119.7,progressive,validation
P01085,90,1,121.6,539.64,progressive,train
P01086,90,1,312.14,286.34,progressive,train
P01087,90,0,35.9,-18.06,stable,validation
P01088,90,0,3.5,-83.85,responding,validation
P01089,90,1,310.6,203.5,progressive,train
P01090,90,1,339.54,264.87,progressive,train
P01091,90,0,6.34,-89.19,responding,train
P01092,90,1,187.32,136.11,progressive,train
P01093,90,0,126.79,34.65,stable,train
P01094,90,1,196.16,421.26,progressive,validation
P01095,90,0,94.62,-4.89,stable,train
P01096,90,1,183.3,348.56,progressive,test
P01097,90,1,498.79,346.62,progressive,train
P01098,90,1,550.81,512.02,progressive,test
P01099,90,1,67.08,-0.43,progressive,train
P01100,90,1,424.37,271.71,progressive,test
P01101,90,0,119.69,44.68,stable,train
P01102,90,1,118.97,194.23,progressive,train
P01103,90,1,395.37,273.13,progressive,train
P01104,90,0,4.45,-93.69,responding,train
P01105,90,0,64.12,32.92,stable,train
P01106,90,0,33.87,-14.39,stable,validation
P01107,90,0,19.35,75.07,stable,validation
P01108,90,0,13.82,-87.47,responding,train
P01109,90,0,71.42,-6.14,stable,train
P01110,90,1,147.76,134.12,progressive,train
P01111,90,1,417.67,339.14,progressive,train
P01112,90,0,11.62,-87.79,responding,test
P01113,90,0,35.55,-23.88,stable,validation
P01114,90,1,100.64,130.16,progressive,validation
P01115,90,1,550.8,584.7,progressive,train
P01116,90,1,204.0,227.63,progressive,test
P01117,90,0,78.76,8.32,stable,train
P01118,90,1,445.39,344.07,progressive,train
P01119,90,1,33.66,7.49,progressive,train
P01120,90,1,301.44,223.65,progressive,train
P01121,90,1,81.2,133.01,progressive,test
P01122,90,1,166.62,367.28,progressive,train
P01123,90,0,17.43,14.96,stable,train
P01124,90,0,41.31,-13.95,stable,train
P01125,90,0,95.47,9.36,stable,train
P01126,90,0,64.59,-19.35,stable,validation
P01127,90,0,2.21,-91.21,responding,train
P01128,90,1,49.85,10.16,progressive,train
P01129,90,0,3.53,-82.19,responding,train
P01130,90,0,40.47,-41.09,stable,train
P01131,90,0,103.75,139.18,stable,test
P01132,90,0,98.13,21.01,stable,train
P01133,90,0,8.98,-80.52,responding,train
P01134,90,0,60.01,-10.61,stable,train
P01135,90,0,8.67,-90.67,responding,train
P01136,90,0,22.15,-44.26,stable,train
P01137,90,0,19.0,-75.14,responding,validation
P01138,90,0,46.94,25.31,stable,train
P01139,90,0,60.13,-37.03,stable,train
P01140,90,0,36.69,-28.71,stable,validation
P01141,90,1,45.08,6.39,progressive,test
P01142,90,1,273.92,175.72,progressive,test
P01143,90,0,78.98,15.2,stable,validation
P01144,90,0,97.98,21.71,stable,test
P01145,90,1,94.54,265.75,progressive,train
P01146,90,1,205.57,316.04,progressive,train
P01147,90,1,203.65,207.67,progressive,train
P01148,90,1,176.29,357.69,progressive,train
P01149,90,1,485.47,345.42,progressive,train
P01150,90,0,3.2,-84.02,responding,train
P01151,90,0,89.6,-2.63,stable,test
P01152,90,0,84.0,14.26,stable,train
P01153,90,0,84.45,-6.12,stable,validation
P01154,90,1,196.98,126.8,progressive,train
P01155,90,0,34.51,-0.47,stable,train
P01156,90,0,18.39,-81.47,responding,train
P01157,90,1,353.88,363.51,progressive,validation
P01158,90,0,27.43,15.02,stable,validation
P01159,90,1,200.24,219.41,progressive,test
P01160,90,1,88.31,315.93,progressive,train
P01161,90,0,36.24,11.03,stable,validation
P01162,90,1,210.16,176.54,progressive,train
P01163,90,0,152.13,71.89,stable,train
P01164,90,1,358.22,254.73,progressive,train
P01165,90,1,378.98,288.45,progressive,train
P01166,90,1,276.41,216.91,progressive,train
P01167,90,0,14.29,33.57,stable,train
P01168,90,1,177.16,133.7,progressive,train
P01169,90,0,9.07,-33.46,stable,test
P01170,90,0,64.72,23.44,stable,validation
P01171,90,1,193.04,228.17,progressive,train
P01172,90,1,169.18,218.59,progressive,train
P01173,90,1,319.54,209.64,progressive,train
P01174,90,1,200.29,191.14,progressive,train
P01175,90,0,40.86,-20.53,stable,test
P01176,90,1,100.75,300.14,progressive,train
P01177,90,0,70.46,18.48,stable,train
P01178,90,0,73.21,-25.03,stable,train
P01179,90,0,29.76,2.31,stable,train
P01180,90,0,12.54,12.58,stable,test
P01181,90,1,112.67,361.49,progressive,train
P01182,90,1,335.01,316.91,progressive,train
P01183,90,1,88.71,26.87,progressive,train
P01184,90,0,80.13,3.07,stable,train
P01185,90,1,178.5,121.67,progressive,train
P01186,90,1,521.09,346.9,progressive,train
P01187,90,1,342.15,346.92,progressive,train
P01188,90,0,11.3,-77.06,responding,train
P01189,90,1,262.75,233.39,progressive,train
P01190,90,1,39.69,56.12,progressive,train
P01191,90,0,64.17,-6.67,stable,train
P01192,90,0,64.81,4.53,stable,train
P01193,90,1,126.33,480.12,progressive,train
P01194,90,0,71.0,1.14,stable,validation
P01195,90,1,164.57,79.69,progressive,train
P01196,90,0,82.47,35.87,stable,test
P01197,90,1,23.56,1.2,progressive,validation
P01198,90,0,6.56,-91.93,responding,validation
P01199,90,0,44.61,2.54,stable,train
P01200,90,1,293.09,342.19,progressive,validation
P01201,90,0,13.81,-64.1,responding,train
P01202,90,0,12.25,-82.45,responding,train
P01203,90,1,431.61,476.25,progressive,train
P01204,90,1,389.57,556.97,progressive,test
P01205,90,1,171.25,472.54,progressive,train
P01206,90,1,164.97,106.99,progressive,train
P01207,90,0,15.81,-6.95,stable,train
P01208,90,0,11.79,-91.15,responding,train
P01209,90,0,36.7,69.47,stable,validation
P01210,90,0,6.16,-84.72,responding,train
P01211,90,0,13.65,-80.58,responding,test
P01212,90,1,555.56,398.55,progressive,train
P01213,90,0,15.35,-88.8,responding,validation
P01214,90,0,16.18,-77.51,responding,train
P01215,90,1,285.23,276.03,progressive,validation
P01216,90,0,7.03,-75.04,responding,train
P01217,90,1,136.19,52.92,progressive,train
P01218,90,1,462.73,321.9,progressive,validation
P01219,90,0,92.19,33.71,stable,test
P01220,90,0,7.81,-85.94,responding,train
P01221,90,0,83.22,-4.37,stable,train
P01222,90,1,528.44,370.13,progressive,train
P01223,90,1,11.51,-47.46,progressive,test
P01224,90,0,40.05,-45.46,stable,train
P01225,90,1,377.59,355.91,progressive,test
P01226,90,1,20.82,-14.37,progressive,validation
P01227,90,1,442.48,342.96,progressive,train
P01228,90,0,50.59,20.76,stable,train
P01229,90,1,271.25,357.57,progressive,train
P01230,90,0,32.84,-55.76,stable,train
P01231,90,1,77.95,97.14,progressive,test
P01232,90,0,53.94,-18.45,stable,train
P01233,90,0,18.75,-82.84,responding,train
P01234,90,0,49.97,25.46,stable,train
P01235,90,0,71.97,-16.77,stable,train
P01236,90,1,93.42,406.23,progressive,train
P01237,90,0,6.9,-93.93,responding,train
P01238,90,1,154.93,88.55,progressive,train
P01239,90,1,514.51,441.23,progressive,train
P01240,90,1,596.95,473.03,progressive,train
P01241,90,0,14.41,-89.19,responding,train
P01242,90,1,45.46,55.89,progressive,train
P01243,90,0,51.16,-17.58,stable,test
P01244,90,1,248.87,352.4,progressive,train
P01245,90,0,11.68,-14.3,stable,validation
P01246,90,1,309.91,203.96,progressive,train
P01247,90,0,18.82,-77.54,responding,train
P01248,90,0,6.21,-91.65,responding,test
P01249,90,0,19.89,-5.8,stable,train
P01250,90,0,7.75,-85.05,responding,train
P01251,90,0,6.69,-91.46,responding,train
P01252,90,1,274.86,282.67,progressive,test
P01253,90,0,9.61,-89.71,responding,train
P01254,90,1,319.55,666.13,progressive,validation
P01255,90,1,199.32,578.95,progressive,train
P01256,90,0,21.46,-77.94,responding,train
P01257,90,0,3.89,-87.64,responding,train
P01258,90,0,19.0,-83.56,responding,train
P01259,90,0,38.7,-30.26,stable,train
P01260,90,1,193.39,81.45,progressive,validation
P01261,90,1,589.84,425.41,progressive,train
P01262,90,1,294.84,194.51,progressive,train
P01263,90,0,7.84,-92.38,responding,train
P01264,90,0,6.22,-94.82,responding,train
P01265,90,0,23.45,-67.41,responding,validation
P01266,90,1,238.57,353.68,progressive,train
P01267,90,0,33.39,6.82,stable,train
P01268,90,0,86.0,17.81,stable,train
P01269,90,1,298.24,264.35,progressive,train
P01270,90,1,237.31,498.87,progressive,test
P01271,90,1,96.53,291.98,progressive,train
P01272,90,0,86.76,36.64,stable,train
P01273,90,1,393.55,369.73,progressive,train
P01274,90,1,44.09,66.12,progressive,train
P01275,90,1,528.33,369.16,progressive,test
P01276,90,0,32.06,-11.68,stable,train
P01277,90,0,10.31,-90.48,responding,train
P01278,90,0,10.73,-91.64,responding,validation
P01279,90,0,37.2,-17.71,stable,train
P01280,90,1,54.71,60.83,progressive,train
P01281,90,0,10.01,-95.01,responding,validation
P01282,90,1,184.94,139.27,progressive,train
P01283,90,1,184.93,330.03,progressive,train
P01284,90,1,211.52,293.44,progressive,validation
P01285,90,1,154.61,241.8,progressive,train
P01286,90,1,25.57,40.24,progressive,test
P01287,90,0,8.4,-80.33,responding,train
P01288,90,0,49.78,14.61,stable,train
P01289,90,0,55.96,-25.6,stable,train
P01290,90,0,6.69,-90.53,responding,train
P01291,90,0,29.77,-65.46,responding,train
P01292,90,0,6.48,-87.37,responding,train
P01293,90,0,53.48,38.8,stable,train
P01294,90,1,349.54,314.76,progressive,test
P01295,90,0,72.12,49.28,stable,validation
P01296,90,1,56.23,15.63,progressive,train
P01297,90,1,102.77,372.12,progressive,train
P01298,90,0,9.33,-84.7,responding,train
P01299,90,0,30.31,-10.27,stable,train
P01300,90,0,106.49,89.23,stable,train
P01301,90,0,5.0,-79.18,responding,validation
P01302,90,1,189.02,340.39,progressive,train
P01303,90,0,38.71,33.81,stable,train
P01304,90,1,240.54,476.84,progressive,train
P01305,90,0,15.83,-16.51,stable,train
P01306,90,1,198.22,355.79,progressive,train
P01307,90,0,6.4,-91.11,responding,test
P01308,90,0,24.76,16.82,stable,train
P01309,90,0,11.11,-91.85,responding,test
P01310,90,0,3.53,-91.23,responding,train
P01311,90,1,57.76,40.38,progressive,test
P01312,90,0,59.03,-30.51,stable,train
P01313,90,1,426.62,344.27,progressive,train
P01314,90,1,231.07,595.95,progressive,train
P01315,90,0,5.06,-85.63,responding,train
P01316,90,1,94.96,52.77,progressive,train
P01317,90,0,30.06,-18.7,stable,test
P01318,90,0,18.06,-82.01,responding,train
P01319,90,0,14.34,-10.97,stable,train
P01320,90,0,51.02,-33.46,stable,train
P01321,90,0,12.41,-87.01,responding,train
P01322,90,0,10.6,-81.88,responding,validation
P01323,90,0,7.17,-90.57,responding,test
P01324,90,1,96.36,19.63,progressive,test
P01325,90,1,78.96,80.16,progressive,train
P01326,90,0,12.47,-86.78,responding,train
P01327,90,1,587.72,504.36,progressive,validation
P01328,90,1,110.22,460.1,progressive,train
P01329,90,0,86.47,8.64,stable,train
P01330,90,1,419.09,364.71,progressive,train
P01331,90,0,24.78,-41.37,stable,train
P01332,90,1,208.91,366.59,progressive,validation
P01333,90,0,10.35,-32.1,stable,test
P01334,90,1,133.32,397.5,progressive,test
P01335,90,0,75.99,-14.76,stable,train
P01336,90,0,42.47,-48.17,stable,train
P01337,90,0,89.98,21.28,stable,train
P01338,90,1,716.6,560.86,progressive,train
P01339,90,0,6.12,-79.09,responding,train
P01340,90,0,65.33,-31.69,stable,train
P01341,90,0,55.9,-11.97,stable,train
P01342,90,0,7.08,-93.93,responding,test
P01343,90,0,51.16,-21.77,stable,train
P01344,90,0,2.82,-92.07,responding,test
P01345,90,1,405.6,374.31,progressive,train
P01346,90,0,127.43,30.8,stable,train
P01347,90,1,64.8,117.5,progressive,train
P01348,90,0,52.74,-29.37,stable,train
P01349,90,1,120.64,29.36,progressive,train
P01350,90,0,15.34,-89.85,responding,train
P01351,90,0,7.69,-96.03,responding,train
P01352,90,0,84.26,13.34,stable,test
P01353,90,1,383.97,474.27,progressive,train
P01354,90,1,48.05,198.79,progressive,validation
P01355,90,1,408.59,304.7,progressive,train
P01356,90,0,8.42,-66.14,responding,train
P01357,90,1,455.98,348.32,progressive,train
P01358,90,0,124.07,36.41,stable,validation
P01359,90,0,151.68,58.08,stable,train
P01360,90,1,233.84,299.9,progressive,train
P01361,90,1,141.68,60.37,progressive,train
P01362,90,0,119.65,37.32,stable,train
P01363,90,0,69.1,-19.06,stable,train
P01364,90,1,134.03,36.21,progressive,train
P01365,90,0,33.79,-19.44,stable,train
P01366,90,0,11.88,-92.03,responding,validation
P01367,90,0,99.1,12.88,stable,test
P01368,90,0,58.36,4.24,stable,train
P01369,90,1,86.41,70.53,progressive,train
P01370,90,0,50.91,-18.14,stable,test
P01371,90,0,51.27,-31.74,stable,train
P01372,90,0,36.85,-3.53,stable,train
P01373,90,0,178.73,90.76,stable,train
P01374,90,0,11.37,-90.89,responding,train
P01375,90,1,91.13,288.44,progressive,train
P01376,90,1,68.24,350.86,progressive,train
P01377,90,1,117.87,58.06,progressive,train
P01378,90,0,35.82,0.52,stable,train
P01379,90,0,7.65,-97.53,responding,train
P01380,90,1,370.6,287.24,progressive,train
P01381,90,1,32.64,180.0,progressive,train
P01382,90,1,462.55,406.66,progressive,test
P01383,90,0,46.27,-3.79,stable,train
P01384,90,0,16.32,-8.45,stable,train
P01385,90,1,224.48,393.59,progressive,validation
P01386,90,1,165.24,465.6,progressive,train
P01387,90,0,77.45,29.83,stable,train
P01388,90,0,16.4,-82.47,responding,train
P01389,90,0,10.07,-90.56,responding,test
P01390,90,1,98.14,351.82,progressive,train
P01391,90,0,110.99,25.57,stable,validation
P01392,90,1,134.23,53.04,progressive,test
P01393,90,0,31.86,-20.34,stable,train
P01394,90,1,727.27,579.79,progressive,validation
P01395,90,0,85.14,26.32,stable,train
P01396,90,1,178.03,206.51,progressive,test
P01397,90,0,18.96,-77.44,responding,train
P01398,90,0,8.85,-93.6,responding,train
P01399,90,1,155.76,377.56,progressive,train
P01400,90,0,54.71,-34.97,stable,validation
P01401,90,1,138.15,252.44,progressive,train
P01402,90,1,215.18,445.72,progressive,train
P01403,90,0,23.22,-11.57,stable,train
P01404,90,1,255.81,249.26,progressive,test
P01405,90,1,285.68,162.14,progressive,validation
P01407,90,0,54.26,-18.23,stable,train
P01408,90,0,19.27,25.66,stable,train
P01409,90,0,1.94,-84.37,responding,train
P01410,90,0,22.77,-42.17,stable,test
P01411,90,1,54.56,264.54,progressive,train
P01412,90,0,19.82,-81.72,responding,train
P01413,90,0,51.03,-24.1,stable,train
P01414,90,0,5.86,-80.9,responding,test
P01415,90,0,100.44,8.31,stable,train
P01416,90,0,5.33,-92.05,responding,train
P01417,90,1,148.2,305.99,progressive,train
P01418,90,1,48.42,68.62,progressive,test
P01419,90,0,102.79,7.1,stable,train
P01420,90,0,6.49,-80.67,responding,train
P01421,90,0,6.23,-95.59,responding,train
P01422,90,0,22.98,-34.15,stable,train
P01423,90,0,45.85,-28.59,stable,test
P01424,90,0,22.69,-79.52,responding,train
P01425,90,0,2.27,-84.47,responding,train
P01426,90,0,13.69,-80.57,responding,train
P01427,90,0,39.04,-13.43,stable,train
P01428,90,1,283.9,789.21,progressive,train
P01429,90,0,16.0,-78.69,responding,validation
P01430,90,1,322.65,290.66,progressive,train
P01431,90,0,13.24,-87.53,responding,validation
P01432,90,1,133.67,94.95,progressive,train
P01433,90,1,84.13,405.12,progressive,validation
P01434,90,1,264.65,282.96,progressive,train
P01435,90,1,259.7,237.81,progressive,train
P01436,90,0,12.55,-89.24,responding,train
P01437,90,0,31.75,-60.08,responding,train
P01438,90,0,23.04,-13.51,stable,train
P01439,90,1,498.12,357.9,progressive,validation
P01440,90,1,188.87,261.49,progressive,validation
P01441,90,1,430.02,308.03,progressive,train
P01442,90,1,41.08,-4.6,progressive,train
P01443,90,1,47.38,26.6,progressive,train
P01444,90,1,194.41,118.77,progressive,train
P01445,90,1,82.55,75.95,progressive,train
P01446,90,1,363.02,253.29,progressive,train
P01447,90,1,78.06,-3.3,progressive,validation
P01448,90,0,127.32,63.83,stable,train
P01449,90,1,314.04,335.54,progressive,train
P01450,90,0,83.83,16.62,stable,train
P01451,90,1,219.77,205.29,progressive,train
P01452,90,0,2.82,-95.72,responding,test
P01453,90,0,6.23,-94.19,responding,train
P01454,90,1,297.33,157.91,progressive,train
P01455,90,0,111.33,21.06,stable,train
P01456,90,0,58.35,-3.05,stable,train
P01457,90,0,134.22,64.03,stable,train
P01458,90,1,217.13,214.98,progressive,train
P01459,90,0,41.42,-7.34,stable,train
P01460,90,0,56.48,-20.79,stable,validation
P01461,90,1,100.3,125.27,progressive,train
P01462,90,1,87.12,99.64,progressive,train
P01463,90,1,96.41,19.45,progressive,train
P01464,90,0,4.6,-88.46,responding,validation
P01465,90,1,518.46,359.56,progressive,validation
P01466,90,1,83.48,-0.37,progressive,train
P01467,90,0,12.71,1.39,stable,train
P01468,90,1,35.36,21.11,progressive,train
P01469,90,1,331.53,278.9,progressive,train
P01470,90,0,103.69,32.04,stable,train
P01471,90,0,5.18,-95.21,responding,train
P01472,90,0,6.93,-80.24,responding,train
P01473,90,0,8.48,-92.75,responding,test
P01474,90,0,143.88,67.94,stable,train
P01475,90,1,296.61,393.79,progressive,train
P01476,90,1,349.54,274.54,progressive,train
P01477,90,1,165.03,256.74,progressive,test
P01478,90,1,197.1,263.43,progressive,train
P01479,90,0,35.04,47.8,stable,validation
P01480,90,1,131.29,79.99,progressive,train
P01481,90,0,144.38,48.21,stable,train
P01482,90,1,314.98,258.61,progressive,test
P01483,90,0,58.29,23.03,stable,validation
P01484,90,1,275.24,341.25,progressive,train
P01485,90,0,28.02,-10.99,stable,train
P01486,90,1,85.63,41.42,progressive,train
P01487,90,0,12.29,-19.03,stable,train
P01488,90,1,122.52,29.89,progressive,train
P01489,90,0,50.64,-30.66,stable,validation
P01490,90,1,439.01,691.37,progressive,train
P01491,90,0,8.73,-78.89,responding,test
P01492,90,0,52.16,91.36,stable,train
P01493,90,0,26.92,3.77,stable,train
P01494,90,0,52.11,6.42,stable,train
P01495,90,0,10.94,-92.58,responding,train
P01496,90,0,45.93,-4.29,stable,train
P01497,90,0,27.78,53.64,stable,validation
P01498,90,1,69.06,204.94,progressive,train
P01499,90,0,90.35,46.57,stable,train
P01500,90,1,95.23,25.46,progressive,train
P01501,90,0,9.14,-90.31,responding,test
P01502,90,0,54.64,-30.22,stable,test
P01503,90,1,104.28,22.51,progressive,train
P01504,90,1,156.95,57.59,progressive,validation
P01505,90,0,69.56,-13.6,stable,train
P01506,90,0,26.0,-12.15,stable,train
P01507,90,1,60.02,16.94,progressive,train
P01508,90,0,60.95,-10.07,stable,train
P01509,90,0,69.82,-26.81,stable,validation
P01510,90,0,16.69,-75.8,responding,train
P01511,90,0,66.78,-3.15,stable,validation
P01512,90,0,45.17,-9.36,stable,train
P01513,90,0,80.86,3.26,stable,train
P01514,90,1,257.08,332.35,progressive,validation
P01515,90,0,151.84,111.75,stable,train
P01516,90,0,64.6,0.21,stable,validation
P01517,90,0,55.31,-44.79,stable,train
P01518,90,0,53.97,-20.39,stable,train
P01519,90,0,8.97,-92.65,responding,train
P01520,90,0,9.03,-79.58,responding,validation
P01521,90,1,166.95,544.58,progressive,train
P01522,90,0,17.29,-78.69,responding,train
P01523,90,0,42.71,98.29,stable,train
P01524,90,0,98.08,6.74,stable,train
P01525,90,1,280.36,280.7,progressive,train
P01526,90,0,11.99,-77.99,responding,train
P01527,90,1,274.01,401.49,progressive,test
P01528,90,1,152.36,84.89,progressive,train
P01529,90,1,196.83,122.08,progressive,train
P01530,90,1,355.15,412.0,progressive,train
P01531,90,0,74.13,-21.72,stable,train
P01532,90,0,9.22,-79.33,responding,train
P01533,90,0,16.64,-48.64,stable,test
P01534,90,0,81.66,-5.81,stable,train
P01535,90,0,127.63,39.9,stable,train
P01536,90,1,411.26,437.16,progressive,train
P01537,90,0,16.09,22.79,stable,train
P01538,90,0,77.63,6.51,stable,train
P01539,90,1,288.04,339.41,progressive,train
P01540,90,0,9.31,-81.68,responding,test
P01541,90,1,377.56,227.33,progressive,train
P01542,90,0,42.91,0.68,stable,test
P01543,90,1,48.88,156.55,progressive,test
P01544,90,0,69.12,-2.43,stable,train
P01545,90,1,163.68,199.91,progressive,test
P01546,90,0,0.98,-98.11,responding,test
P01548,90,0,5.44,-92.99,responding,validation
P01549,90,1,201.02,171.71,progressive,train
P01550,90,0,108.5,60.49,stable,train
P01551,90,1,192.96,287.09,progressive,test
P01552,90,0,8.78,-87.59,responding,validation
P01553,90,1,66.26,357.26,progressive,test
P01554,90,0,12.41,-84.86,responding,train
P01555,90,0,15.9,6.97,stable,train
P01556,90,1,206.16,158.66,progressive,validation
P01557,90,1,88.49,190.73,progressive,test
P01558,90,1,206.83,205.5,progressive,validation
P01559,90,0,36.01,2.78,stable,validation
P01560,90,0,2.27,-89.11,responding,train
P01561,90,1,268.04,411.13,progressive,test
P01562,90,0,2.4,-87.09,responding,test
P01563,90,0,10.5,-92.33,responding,train
P01564,90,0,14.37,-87.8,responding,train
P01565,90,0,111.45,16.72,stable,train
P01566,90,0,12.42,-91.57,responding,train
P01567,90,1,93.39,42.74,progressive,test
P01568,90,1,444.26,330.3,progressive,validation
P01569,90,1,437.33,305.98,progressive,train
P01570,90,1,448.79,332.24,progressive,train
P01571,90,0,7.36,-88.11,responding,train
P01572,90,0,126.25,29.84,stable,train
P01573,90,0,17.01,-12.94,stable,train
P01574,90,1,105.08,134.92,progressive,train
P01575,90,1,103.11,15.22,progressive,train
P01576,90,1,272.71,213.51,progressive,train
P01577,90,0,70.6,3.79,stable,train
P01578,90,1,22.19,19.95,progressive,train
P01579,90,0,114.92,25.75,stable,train
P01580,90,1,307.58,166.61,progressive,validation
P01581,90,1,86.0,261.08,progressive,train
P01582,90,0,47.26,2.27,stable,validation
P01583,90,1,146.26,120.85,progressive,validation
P01584,90,1,102.92,615.56,progressive,train
P01585,90,1,68.72,63.52,progressive,validation
P01586,90,1,171.4,229.62,progressive,train
P01587,90,0,3.02,-81.91,responding,train
P01588,90,1,38.89,53.48,progressive,test
P01589,90,1,144.58,406.6,progressive,train
P01590,90,0,22.38,41.76,stable,train
P01591,90,1,588.33,452.35,progressive,train
P01592,90,0,21.41,-73.24,responding,validation
P01593,90,0,51.15,-8.75,stable,train
P01594,90,1,184.04,406.08,progressive,train
P01595,90,0,12.46,-85.88,responding,train
P01596,90,0,35.54,9.74,stable,test
P01597,90,1,89.2,126.0,progressive,test
P01598,90,1,185.61,198.43,progressive,validation
P01599,90,1,201.7,508.54,progressive,validation
P01600,90,1,256.66,281.54,progressive,validation
P01601,90,0,52.9,17.57,stable,train
P01602,90,0,15.32,-86.6,responding,train
P01603,90,1,126.21,26.82,progressive,train
P01604,90,1,548.3,442.8,progressive,train
P01605,90,1,123.18,365.46,progressive,train
P01606,90,1,113.58,402.97,progressive,test
P01607,90,1,91.3,328.85,progressive,validation
P01608,90,1,148.12,350.51,progressive,train
P01609,90,0,86.34,-11.01,stable,train
P01610,90,0,11.69,-81.46,responding,train
P01611,90,0,13.57,-28.75,stable,train
P01612,90,0,3.55,-91.9,responding,train
P01613,90,0,6.5,-93.59,responding,validation
P01614,90,1,555.77,404.7,progressive,train
P01615,90,0,43.74,-46.93,stable,validation
P01616,90,1,359.73,362.88,progressive,train
P01617,90,1,117.41,50.48,progressive,test
P01618,90,1,53.33,-36.59,progressive,train
P01619,90,1,87.89,230.7,progressive,train
P01620,90,0,77.07,33.5,stable,validation
P01621,90,1,320.75,215.93,progressive,train
P01622,90,1,88.33,160.72,progressive,validation
P01623,90,1,526.05,368.14,progressive,train
P01624,90,0,41.04,-44.83,stable,validation
P01625,90,1,477.96,360.71,progressive,train
P01626,90,0,19.29,-78.69,responding,train
P01627,90,0,60.74,-38.44,stable,train
P01628,90,1,30.74,131.99,progressive,train
P01629,90,0,4.45,-81.84,responding,validation
P01630,90,0,86.89,-1.88,stable,train
P01631,90,1,54.02,-17.77,progressive,test
P01632,90,1,74.1,248.85,progressive,train
P01633,90,1,71.83,72.54,progressive,train
P01634,90,1,89.37,158.69,progressive,train
P01635,90,1,274.37,485.43,progressive,train
P01636,90,1,380.0,421.31,progressive,train
P01637,90,0,2.95,-91.23,responding,train
P01638,90,0,21.75,-83.46,responding,test
P01639,90,1,330.02,318.94,progressive,train
P01640,90,1,278.42,331.53,progressive,train
P01641,90,0,11.4,-90.11,responding,train
P01642,90,0,32.79,28.19,stable,train
P01643,90,0,5.31,-86.14,responding,train
P01644,90,1,53.67,40.95,progressive,train
P01645,90,0,30.49,23.0,stable,train
P01646,90,0,21.66,-8.04,stable,validation
P01647,90,0,14.47,23.89,stable,train
P01648,90,1,167.1,289.65,progressive,train
P01649,90,0,16.03,-77.77,responding,train
P01650,90,0,62.57,-3.68,stable,train
P01651,90,0,53.39,-26.72,stable,train
P01652,90,0,54.33,-0.78,stable,train
P01653,90,1,160.62,70.96,progressive,test
P01654,90,0,13.69,-4.22,stable,train
P01655,90,1,287.02,316.21,progressive,train
P01656,90,0,43.59,-4.89,stable,train
P01657,90,0,84.67,7.69,stable,test
P01658,90,1,92.51,-0.7,progressive,test
P01659,90,0,13.62,-87.62,responding,train
P01660,90,1,240.77,484.07,progressive,train
P01661,90,0,103.4,2.93,stable,train
P01662,90,0,12.43,-85.85,responding,train
P01663,90,0,12.25,-90.83,responding,train
P01664,90,0,70.5,47.29,stable,train
P01665,90,1,30.39,-21.05,progressive,test
P01666,90,1,160.45,80.49,progressive,train
P01667,90,1,134.5,209.95,progressive,validation
P01668,90,1,53.35,58.06,progressive,train
P01669,90,1,155.45,337.72,progressive,validation
P01670,90,0,7.94,-92.55,responding,train
P01671,90,0,30.53,15.21,stable,train
P01672,90,1,87.69,455.19,progressive,train
P01673,90,0,85.35,39.62,stable,test
P01674,90,1,238.43,241.63,progressive,validation
P01675,90,0,51.11,-49.35,stable,train
P01676,90,1,37.48,213.93,progressive,validation
P01677,90,0,5.04,-91.8,responding,train
P01678,90,1,161.2,393.47,progressive,train
P01679,90,1,337.5,274.08,progressive,train
P01680,90,0,9.92,-73.24,responding,train
P01681,90,1,366.96,236.28,progressive,train
P01682,90,0,8.78,-85.97,responding,test
P01683,90,0,36.68,57.46,stable,validation
P01684,90,0,36.95,-3.57,stable,train
P01685,90,1,33.77,61.04,progressive,validation
P01686,90,1,185.96,333.46,progressive,train
P01687,90,0,17.62,-82.95,responding,test
P01688,90,0,12.69,-91.2,responding,train
P01689,90,1,409.82,421.9,progressive,train
P01690,90,0,85.89,-1.74,stable,train
P01691,90,1,141.37,550.74,progressive,train
P01692,90,1,301.17,250.32,progressive,train
P01693,90,1,399.38,496.62,progressive,validation
P01694,90,0,19.92,31.43,stable,test
P01695,90,0,64.84,-3.02,stable,train
P01696,90,1,808.7,619.73,progressive,train
P01697,90,1,144.32,276.3,progressive,train
P01698,90,1,404.94,298.59,progressive,train
P01699,90,1,114.63,35.3,progressive,train
P01700,90,1,41.92,187.41,progressive,validation
P01701,90,1,21.61,26.52,progressive,train
P01702,90,1,226.67,218.2,progressive,train
P01703,90,1,452.19,287.32,progressive,validation
P01704,90,0,15.03,-89.23,responding,train
P01705,90,0,6.53,-77.99,responding,train
P01706,90,1,76.25,10.88,progressive,train
P01707,90,0,94.13,14.77,stable,train
P01708,90,1,313.8,217.9,progressive,train
P01709,90,0,13.52,-85.32,responding,train
P01710,90,0,71.74,10.43,stable,train
P01711,90,0,99.65,36.63,stable,train
P01712,90,0,11.87,-66.88,stable,train
P01713,90,0,13.07,-89.65,responding,train
P01714,90,0,11.4,-89.09,responding,train
P01715,90,0,16.67,-83.23,responding,test
P01716,90,1,211.35,489.85,progressive,train
P01717,90,1,440.42,338.9,progressive,train
P01718,90,0,103.27,24.93,stable,train
P01719,90,0,86.26,17.63,stable,train
P01720,90,1,26.57,-7.22,progressive,train
P01721,90,0,100.72,5.74,stable,train
P01722,90,1,39.92,252.0,progressive,train
P01723,90,1,150.57,38.11,progressive,train
P01724,90,0,1.95,-91.91,responding,train
P01725,90,0,141.79,41.48,stable,train
P01726,90,0,15.23,-45.86,stable,train
P01727,90,1,240.86,319.97,progressive,train
P01728,90,1,602.53,585.89,progressive,train
P01729,90,1,64.53,55.92,progressive,train
P01730,90,1,257.35,293.17,progressive,train
P01731,90,0,43.18,-21.35,stable,validation
P01732,90,1,36.41,47.34,progressive,test
P01733,90,1,112.31,43.29,progressive,train
P01734,90,1,413.09,266.32,progressive,train
P01735,90,1,289.69,290.89,progressive,train
P01736,90,0,7.85,-85.8,responding,train
P01737,90,0,23.97,-19.2,stable,train
P01738,90,1,332.8,228.86,progressive,validation
P01739,90,1,48.24,-31.17,progressive,validation
P01740,90,0,6.0,-85.99,responding,train
P01741,90,1,134.48,405.44,progressive,train
P01742,90,0,127.47,35.7,stable,train
P01743,90,0,23.82,34.84,stable,train
P01744,90,0,61.8,1.68,stable,train
P01745,90,0,9.65,-27.59,stable,train
P01746,90,1,199.35,448.76,progressive,train
P01747,90,1,18.94,8.37,progressive,validation
P01748,90,1,20.45,11.46,progressive,train
P01749,90,1,65.21,8.52,progressive,train
P01750,90,1,37.46,149.99,progressive,validation
P01751,90,0,4.04,-74.4,responding,train
P01752,90,0,78.91,-1.13,stable,train
P01753,90,0,7.94,-91.49,responding,test
P01754,90,0,41.55,-34.46,stable,train
P01755,90,0,13.78,-82.85,responding,train
P01756,90,1,282.89,248.0,progressive,train
P01757,90,0,33.42,-13.96,stable,train
P01758,90,1,334.98,336.3,progressive,train
P01759,90,1,326.47,321.13,progressive,validation
P01760,90,0,44.62,-15.88,stable,train
P01761,90,1,246.75,156.14,progressive,test
P01762,90,1,186.29,166.59,progressive,test
P01763,90,1,119.48,379.83,progressive,train
P01764,90,1,525.76,375.72,progressive,train
P01765,90,0,57.8,62.2,stable,validation
P01766,90,0,33.3,15.48,stable,train
P01767,90,1,62.01,161.04,progressive,test
P01768,90,0,4.17,-87.99,responding,validation
P01769,90,0,5.62,-92.34,responding,train
P01770,90,1,118.48,22.76,progressive,train
P01771,90,0,25.7,-8.38,stable,train
P01772,90,0,54.57,6.6,stable,train
P01773,90,1,78.49,53.6,progressive,train
P01774,90,1,153.74,213.33,progressive,train
P01775,90,0,76.23,17.43,stable,train
P01776,90,1,405.83,259.94,progressive,train
P01777,90,1,95.63,-4.84,progressive,train
P01778,90,0,7.23,-77.98,responding,test
P01779,90,0,54.26,36.96,stable,train
P01780,90,0,8.96,-84.62,responding,train
P01781,90,0,63.24,8.05,stable,train
P01782,90,0,8.27,-87.33,responding,train
P01783,90,0,127.26,46.59,stable,train
P01784,90,1,61.9,201.45,progressive,train
P01785,90,0,15.33,-73.06,responding,train
P01786,90,1,167.04,302.44,progressive,train
P01787,90,0,22.39,-77.11,responding,train
P01788,90,1,53.1,5.9,progressive,validation
P01789,90,1,98.01,11.41,progressive,train
P01790,90,1,378.79,253.35,progressive,train
P01791,90,1,417.29,359.85,progressive,train
P01792,90,1,44.71,267.14,progressive,test
P01793,90,0,39.42,-9.25,stable,train
P01794,90,0,10.35,-90.36,responding,train
P01795,90,1,260.34,394.48,progressive,train
P01796,90,1,432.07,334.92,progressive,train
P01797,90,0,23.04,-78.23,responding,train
P01798,90,0,105.61,36.81,stable,test
P01799,90,1,420.04,302.38,progressive,train
P01800,90,1,333.59,226.05,progressive,train
P01801,90,1,97.02,268.89,progressive,train
P01802,90,1,249.84,312.81,progressive,validation
P01803,90,1,223.0,229.94,progressive,train
P01804,90,0,3.57,-83.63,responding,test
P01805,90,1,400.29,293.54,progressive,train
P01806,90,1,391.89,238.92,progressive,train
P01807,90,1,161.94,333.88,progressive,validation
P01808,90,1,274.69,264.39,progressive,validation
P01809,90,0,26.31,6.56,stable,train
P01810,90,1,350.62,212.21,progressive,validation
P01811,90,1,109.5,105.48,progressive,train
P01812,90,0,19.13,-72.76,responding,test
P01813,90,0,114.06,15.44,stable,train
P01814,90,0,40.36,25.51,stable,validation
P01815,90,0,111.58,12.15,stable,validation
P01816,90,1,160.82,432.19,progressive,test
P01817,90,0,112.76,36.81,stable,train
P01818,90,0,5.97,-93.22,responding,train
P01819,90,1,320.07,418.26,progressive,train
P01820,90,1,209.96,456.03,progressive,train
P01821,90,0,79.62,3.82,stable,train
P01822,90,1,82.56,216.06,progressive,train
P01823,90,0,0.97,-94.88,responding,train
P01824,90,1,129.94,239.65,progressive,test
P01825,90,1,155.63,187.77,progressive,train
P01826,90,1,37.79,124.19,progressive,test
P01827,90,0,96.88,28.54,stable,train
P01828,90,1,264.07,266.51,progressive,train
P01829,90,1,100.49,25.83,progressive,train
P01830,90,0,98.89,18.54,stable,train
P01831,90,0,4.56,-84.78,responding,train
P01832,90,0,12.03,-80.29,responding,validation
P01833,90,0,54.13,10.62,stable,train
P01834,90,1,524.12,398.63,progressive,validation
P01835,90,0,55.46,-31.57,stable,train
P01836,90,0,9.07,-87.75,responding,test
P01837,90,0,48.72,-28.03,stable,train
P01838,90,1,204.19,289.42,progressive,test
P01839,90,0,16.37,-3.87,stable,train
P01840,90,1,174.7,501.99,progressive,train
P01841,90,1,477.48,452.56,progressive,train
P01842,90,1,130.66,80.31,progressive,train
P01843,90,0,67.29,-13.54,stable,validation
P01844,90,1,195.83,273.32,progressive,train
P01845,90,0,9.41,-87.69,responding,train
P01846,90,0,10.57,-29.03,stable,train
P01847,90,1,468.35,451.44,progressive,train
P01848,90,0,49.15,-51.42,stable,test
P01849,90,0,54.58,-13.42,stable,train
P01850,90,0,2.08,-93.44,responding,test
P01851,90,1,264.46,305.55,progressive,train
P01852,90,1,311.38,748.97,progressive,validation
P01853,90,1,294.57,371.35,progressive,train
P01854,90,1,258.83,150.85,progressive,train
P01855,90,1,132.08,48.45,progressive,train
P01856,90,1,237.87,141.0,progressive,validation
P01857,90,1,143.35,117.35,progressive,train
P01858,90,1,643.61,452.32,progressive,train
P01859,90,1,440.99,312.96,progressive,train
P01860,90,0,68.57,38.17,stable,train
P01861,90,0,91.92,-3.04,stable,train
P01862,90,1,259.86,337.2,progressive,train
P01863,90,1,476.37,459.85,progressive,validation
P01864,90,1,252.84,171.48,progressive,train
P01866,90,1,59.24,30.64,progressive,train
P01867,90,1,134.04,208.72,progressive,train
P01868,90,0,5.42,-80.93,responding,train
P01869,90,0,23.77,-13.7,stable,validation
P01870,90,1,202.31,181.09,progressive,train
P01871,90,1,381.21,416.29,progressive,train
P01872,90,0,69.81,12.02,stable,train
P01873,90,1,73.29,89.0,progressive,train
P01874,90,1,498.04,319.72,progressive,train
P01875,90,1,24.15,55.0,progressive,test
P01876,90,1,253.15,220.67,progressive,train
P01877,90,1,40.3,-15.03,progressive,train
P01878,90,0,42.98,-14.19,stable,validation
P01879,90,1,191.66,354.59,progressive,validation
P01880,90,1,159.47,120.98,progressive,validation
P01881,90,0,42.53,-26.97,stable,test
P01882,90,0,55.18,-42.36,stable,validation
P01883,90,0,89.69,28.5,stable,train
P01884,90,0,10.27,-83.04,responding,train
P01885,90,1,347.56,402.28,progressive,validation
P01886,90,1,25.65,36.93,progressive,train
P01887,90,1,102.74,58.25,progressive,train
P01888,90,1,244.1,214.62,progressive,train
P01889,90,0,91.12,40.92,stable,test
P01890,90,1,266.01,204.2,progressive,validation
P01891,90,1,534.14,405.42,progressive,train
P01892,90,0,50.06,-21.94,stable,train
P01893,90,1,337.29,479.56,progressive,train
P01894,90,0,17.65,-1.46,stable,validation
P01895,90,1,470.6,339.39,progressive,train
P01896,90,1,23.62,81.56,progressive,train
P01897,90,1,188.33,304.54,progressive,validation
P01898,90,1,343.51,390.76,progressive,validation
P01899,90,0,73.52,9.89,stable,train
P01900,90,1,96.89,208.59,progressive,train
P01901,90,1,182.76,388.85,progressive,train
P01902,90,0,25.2,-80.55,responding,train
P01903,90,1,347.69,262.24,progressive,train
P01904,90,0,78.8,-11.94,stable,test
P01905,90,0,10.52,-81.57,responding,train
P01906,90,0,55.88,50.34,stable,validation
P01907,90,0,9.45,-90.91,responding,train
P01908,90,0,42.56,-19.84,stable,train
P01909,90,1,195.44,409.23,progressive,train
P01910,90,0,75.28,36.89,stable,test
P01911,90,0,12.18,-73.88,responding,train
P01912,90,1,159.02,220.44,progressive,train
P01913,90,0,60.23,-23.92,stable,train
P01914,90,0,47.83,12.29,stable,train
P01915,90,0,40.78,-23.37,stable,train
P01916,90,0,5.24,-89.35,responding,train
P01917,90,1,353.87,434.97,progressive,train
P01918,90,0,8.96,-91.28,responding,train
P01919,90,1,67.01,8.12,progressive,train
P01920,90,1,63.9,18.02,progressive,train
P01921,90,1,380.05,281.31,progressive,test
P01922,90,1,253.38,130.11,progressive,train
P01923,90,1,104.44,24.15,progressive,train
P01924,90,1,83.44,6.76,progressive,train
P01925,90,0,139.44,43.74,stable,train
P01926,90,1,344.22,230.23,progressive,train
P01927,90,0,15.5,-82.52,responding,train
P01928,90,0,53.09,-35.7,stable,train
P01929,90,0,4.49,-100.09,responding,train
P01930,90,0,3.52,-93.14,responding,validation
P01931,90,0,27.81,-75.46,responding,validation
P01932,90,1,66.1,146.56,progressive,train
P01933,90,1,29.05,-19.76,progressive,validation
P01934,90,1,96.62,313.85,progressive,validation
P01935,90,1,277.04,395.09,progressive,train
P01936,90,0,116.37,41.11,stable,train
P01937,90,0,53.43,43.16,stable,test
P01938,90,0,66.14,-23.62,stable,train
P01939,90,1,505.69,453.84,progressive,train
P01940,90,1,127.67,244.5,progressive,validation
P01941,90,1,76.49,74.8,progressive,train
P01942,90,0,17.15,20.46,stable,train
P01943,90,1,729.54,553.95,progressive,train
P01944,90,1,329.82,358.18,progressive,train
P01945,90,1,588.93,653.64,progressive,train
P01946,90,1,79.02,321.42,progressive,train
P01947,90,0,86.58,-3.98,stable,train
P01948,90,0,63.29,-34.86,stable,train
P01949,90,1,469.56,457.48,progressive,test
P01950,90,0,42.45,16.39,stable,train
P01951,90,1,404.69,468.79,progressive,validation
P01952,90,0,44.59,43.91,stable,test
P01953,90,0,15.59,-75.83,responding,train
P01954,90,1,61.69,75.82,progressive,train
P01955,90,1,44.71,103.16,progressive,validation
P01956,90,0,39.65,14.86,stable,train
P01957,90,1,46.53,45.87,progressive,train
P01958,90,0,79.97,-7.33,stable,train
P01959,90,1,47.85,269.68,progressive,validation
P01960,90,0,141.77,78.23,stable,train
P01961,90,0,52.38,-20.8,stable,test
P01962,90,0,20.01,-82.16,responding,train
P01963,90,1,557.81,417.76,progressive,train
P01964,90,1,456.6,336.07,progressive,train
P01965,90,0,17.98,-23.26,stable,test
P01966,90,1,344.19,287.39,progressive,test
P01967,90,0,38.37,-13.15,stable,train
P01968,90,0,21.16,-26.4,stable,validation
P01969,90,1,236.36,578.27,progressive,train
P01970,90,0,91.72,21.1,stable,train
P01971,90,1,713.94,544.61,progressive,test
P01972,90,1,76.47,352.63,progressive,test
P01973,90,0,86.53,-3.52,stable,test
P01974,90,1,502.87,411.43,progressive,train
P01975,90,0,28.46,-0.84,stable,train
P01976,90,0,17.14,-73.34,responding,test
P01977,90,0,31.18,31.48,stable,train
P01978,90,1,329.49,354.42,progressive,train
P01979,90,0,150.27,45.59,stable,train
P01980,90,1,441.47,347.97,progressive,train
P01981,90,0,17.21,-82.58,responding,train
P01982,90,1,797.72,692.35,progressive,train
P01983,90,0,37.51,-8.34,stable,train
P01984,90,0,79.84,73.77,stable,train
P01985,90,0,70.82,-18.33,stable,train
P01986,90,0,47.38,3.26,stable,validation
P01987,90,0,108.09,16.69,stable,train
P01988,90,0,12.07,-89.66,responding,train
P01989,90,0,62.23,33.01,stable,train
P01990,90,1,385.59,280.55,progressive,train
P01991,90,0,23.08,14.55,stable,test
P01992,90,1,122.39,260.01,progressive,train
P01993,90,1,177.11,159.89,progressive,validation
P01994,90,1,306.89,241.21,progressive,validation
P01995,90,1,78.63,502.73,progressive,train
P01996,90,0,3.55,-83.23,responding,train
P01997,90,1,181.93,107.6,progressive,validation
P01998,90,1,38.04,-0.58,progressive,train
P01999,90,1,121.99,43.86,progressive,train
P02000,90,0,41.13,-46.01,stable,train
