bcr_patient_barcode,hugo_symbol,variant_classification,hgvsp_short,hgvsc,chromosome,start_position,variant_allele_fraction
TCGA-44-2655,KRAS,Missense_Mutation,p.G12C,c.34G>T,chr12,25398284,0.34
TCGA-44-2655,TP53,Missense_Mutation,p.R273H,c.818G>A,chr17,7577120,0.28
TCGA-44-2656,KRAS,Missense_Mutation,p.G12V,c.35G>T,chr12,25398285,0.41
TCGA-44-2656,STK11,Nonsense_Mutation,p.Q37*,c.109C>T,chr19,1207084,0.38
TCGA-44-2657,EGFR,Missense_Mutation,p.L858R,c.2573T>G,chr7,55259515,0.45
TCGA-44-2657,TP53,Missense_Mutation,p.R248W,c.742C>T,chr17,7577538,0.22
TCGA-44-2661,KRAS,Missense_Mutation,p.G12D,c.35G>A,chr12,25398285,0.36
TCGA-44-2661,KEAP1,Missense_Mutation,p.G333C,c.997G>T,chr19,10602888,0.31
TCGA-44-2662,EGFR,In_Frame_Del,p.E746_A750del,c.2235_2249del,chr7,55242465,0.39
TCGA-44-2665,EGFR,Missense_Mutation,p.L858R,c.2573T>G,chr7,55259515,0.42
TCGA-44-2666,KRAS,Missense_Mutation,p.G12C,c.34G>T,chr12,25398284,0.48
TCGA-44-2666,STK11,Nonsense_Mutation,p.Q37*,c.109C>T,chr19,1207084,0.42
TCGA-44-2666,KEAP1,Missense_Mutation,p.R320Q,c.959G>A,chr19,10602849,0.35
TCGA-44-2668,BRAF,Missense_Mutation,p.V600E,c.1799T>A,chr7,140453136,0.30
TCGA-50-5930,EGFR,In_Frame_Del,p.E746_A750del,c.2235_2249del,chr7,55242465,0.44
TCGA-50-5931,KRAS,Missense_Mutation,p.G12C,c.34G>T,chr12,25398284,0.37
TCGA-50-5932,MET,Splice_Site,p.D1010H,c.3082+1G>A,chr7,116411708,0.29
TCGA-50-5933,KRAS,Missense_Mutation,p.G12A,c.35G>C,chr12,25398285,0.33
TCGA-50-5935,EGFR,Missense_Mutation,p.L858R,c.2573T>G,chr7,55259515,0.46
TCGA-50-5936,TP53,Missense_Mutation,p.R175H,c.524G>A,chr17,7578406,0.51
TCGA-50-5936,STK11,Frameshift_Del,p.F354fs,c.1062delC,chr19,1221334,0.44
TCGA-50-5939,KRAS,Missense_Mutation,p.G12C,c.34G>T,chr12,25398284,0.40
TCGA-50-5939,KEAP1,Nonsense_Mutation,p.W544*,c.1632G>A,chr19,10604104,0.38
TCGA-50-5941,ERBB2,In_Frame_Ins,p.Y772_A775dup,c.2313_2324dup,chr17,37880993,0.25
TCGA-50-5942,KRAS,Missense_Mutation,p.G12V,c.35G>T,chr12,25398285,0.43
TCGA-50-5944,ALK,Fusion,EML4-ALK,chr2_inv,chr2,29446394,not_applicable
TCGA-50-5946,PIK3CA,Missense_Mutation,p.E545K,c.1633G>A,chr3,178936091,0.28
TCGA-55-6968,KRAS,Missense_Mutation,p.G12C,c.34G>T,chr12,25398284,0.45
TCGA-55-6968,STK11,Nonsense_Mutation,p.E199*,c.595G>T,chr19,1218525,0.39
TCGA-55-6969,EGFR,In_Frame_Del,p.E746_A750del,c.2235_2249del,chr7,55242465,0.41
TCGA-55-6970,BRAF,Missense_Mutation,p.G469A,c.1406G>C,chr7,140481414,0.32
TCGA-55-6971,EGFR,Missense_Mutation,p.L858R,c.2573T>G,chr7,55259515,0.38
TCGA-55-6972,TP53,Nonsense_Mutation,p.R213*,c.637C>T,chr17,7578263,0.47
TCGA-55-6975,KRAS,Missense_Mutation,p.G12D,c.35G>A,chr12,25398285,0.35
TCGA-55-6978,KRAS,Missense_Mutation,p.G12C,c.34G>T,chr12,25398284,0.44
TCGA-55-6979,EGFR,In_Frame_Del,p.L747_P753delinsS,c.2240_2257del18,chr7,55242470,0.33
TCGA-55-6980,RET,Fusion,KIF5B-RET,chr10_inv,chr10,43612032,not_applicable
TCGA-55-6981,MET,Splice_Site,p.D1010Y,c.3082+1G>T,chr7,116411708,0.31
TCGA-55-6982,KRAS,Missense_Mutation,p.G12C,c.34G>T,chr12,25398284,0.49
TCGA-18-3406,TP53,Missense_Mutation,p.R273C,c.817C>T,chr17,7577121,0.52
TCGA-18-3406,NFE2L2,Missense_Mutation,p.E79K,c.235G>A,chr2,178098906,0.39
TCGA-18-3407,TP53,Nonsense_Mutation,p.Q192*,c.574C>T,chr17,7578385,0.48
TCGA-18-3407,PIK3CA,Missense_Mutation,p.E542K,c.1624G>A,chr3,178936082,0.36
TCGA-18-3408,TP53,Missense_Mutation,p.R248Q,c.743G>A,chr17,7577539,0.45
TCGA-18-3408,CDKN2A,Nonsense_Mutation,p.R80*,c.238C>T,chr9,21971153,0.41
TCGA-18-3409,PIK3CA,Missense_Mutation,p.H1047R,c.3140A>G,chr3,178952085,0.37
TCGA-18-3410,TP53,Missense_Mutation,p.R282W,c.844C>T,chr17,7577094,0.55
TCGA-18-3410,SOX2,Amplification,Amplification,chr3_amp,chr3,181711924,not_applicable
TCGA-18-3411,NFE2L2,Missense_Mutation,p.R34Q,c.101G>A,chr2,178098772,0.43
TCGA-18-3412,TP53,Missense_Mutation,p.Y220C,c.659A>G,chr17,7578190,0.46
TCGA-18-3414,CDKN2A,Frameshift_Del,p.P114fs,c.341delC,chr9,21971256,0.38
TCGA-18-3415,TP53,Missense_Mutation,p.R273H,c.818G>A,chr17,7577120,0.50
TCGA-18-3416,KEAP1,Missense_Mutation,p.D236H,c.706G>C,chr19,10602283,0.34
TCGA-18-3417,TP53,Nonsense_Mutation,p.R342*,c.1024C>T,chr17,7576857,0.58
TCGA-18-3419,FGFR1,Amplification,Amplification,chr8_amp,chr8,38268656,not_applicable
TCGA-18-3421,TP53,Missense_Mutation,p.C275Y,c.824G>A,chr17,7577114,0.49
TCGA-21-1070,PIK3CA,Missense_Mutation,p.E545K,c.1633G>A,chr3,178936091,0.35
TCGA-21-1071,TP53,Missense_Mutation,p.R175H,c.524G>A,chr17,7578406,0.53
TCGA-21-1072,NFE2L2,Missense_Mutation,p.E79Q,c.235G>C,chr2,178098906,0.40
TCGA-21-1075,TP53,Missense_Mutation,p.G245S,c.733G>A,chr17,7577549,0.44
TCGA-21-1076,CDKN2A,Nonsense_Mutation,p.E69*,c.205G>T,chr9,21971120,0.42
TCGA-21-1077,TP53,Frameshift_Ins,p.S241fs,c.722dupT,chr17,7577560,0.47
TCGA-21-1078,PIK3CA,Missense_Mutation,p.E542K,c.1624G>A,chr3,178936082,0.38
TCGA-44-2655,KRAS,Missense_Mutation,p.G12C,c.34G>T,chr12,25398284,0.34
